audience_code_filter	audience_label_filter	advertiser_name	advertiser_disclosure	platform_advertiser_id	platform_name	ad_count	advertiser_count	high_impressions	low_impressions	high_spend	low_spend
u55_64	unknown (55-64)	Britain's Future	Britain's Future	1625300137516491	Facebook	3617	1	333709	97574	4008	575
u55_64	unknown (55-64)	People's Vote UK	People's Vote	748608695327755	Facebook	2673	1	223904	75690	4069	708
u55_64	unknown (55-64)	38 Degrees	38 Degrees	200006375787	Facebook	618	1	115609	41663	812	116
u55_64	unknown (55-64)	Best For Britain	Best for Britain	1863944713844924	Facebook	567	1	112740	47320	1660	395
u55_64	unknown (55-64)	Friends of the Earth	Friends of the Earth	110861655604080	Facebook	1678	1	100401	31392	1555	140
u55_64	unknown (55-64)	We are the 52%	We are the 52%	466744973727718	Facebook	277	1	97512	35474	278	36
u55_64	unknown (55-64)	The Labour Party	The Labour Party	25749647410	Facebook	541	1	90801	34921	842	174
u55_64	unknown (55-64)	Conservatives	The Conservative Party	8807334278	Facebook	724	1	77868	29675	1158	151
u55_64	unknown (55-64)	Change UK - The Independent Group	Change UK - The Independent Group	395151614382309	Facebook	507	1	57150	19975	1277	213
u55_64	unknown (55-64)	The Brexit Party	The Brexit Party	230416667843105	Facebook	66	1	49158	23273	671	203
u55_64	unknown (55-64)	Liberal Democrats	the Liberal Democrats	5883973269	Facebook	399	1	46579	16157	851	119
u55_64	unknown (55-64)	European Parliament		178362315106	Facebook	639	1	34327	14265	231	49
u55_64	unknown (55-64)	Right To Vote	Right to Vote	408236463256774	Facebook	342	1	32771	8102	285	38
u55_64	unknown (55-64)	Ciudadanos	Ciudadanos	74078667754	Facebook	1919	1	32586	9974	334	26
u55_64	unknown (55-64)	Sosialidemokraatit SDP		108945982480217	Facebook	243	1	30647	12223	184	38
u55_64	unknown (55-64)	Greenpeace France		39435457457	Facebook	104	1	29784	13404	152	35
u55_64	unknown (55-64)	Plan International Sverige		382243262003	Facebook	290	1	28470	8848	252	59
u55_64	unknown (55-64)	Ben Houchen - Tees Valley Mayor	Ben Houchen	1934566156780439	Facebook	125	1	27600	9730	192	40
u55_64	unknown (55-64)	Podemos	Unidas Podemos	269212336568846	Facebook	203	1	27083	12280	181	48
u55_64	unknown (55-64)	Scientists for EU	Scientists for EU	642444842524195	Facebook	59	1	21696	6976	144	24
u55_64	unknown (55-64)	Amnesty International UK		7624294394	Facebook	78	1	18118	7777	183	57
u55_64	unknown (55-64)	Oxfam Great Britain	Oxfam GB	7214031395	Facebook	67	1	16565	5848	258	52
u55_64	unknown (55-64)	Médecins du Monde France		265420476920	Facebook	326	1	15570	4805	243	19
u55_64	unknown (55-64)	Vattenfall Sverige		608975645850217	Facebook	27	1	14380	6671	187	53
u55_64	unknown (55-64)	TheArticle	TheArticle	607840469632004	Facebook	24	1	13993	6225	195	43
u55_64	unknown (55-64)	Partido Popular	Partido Popular	72249031214	Facebook	580	1	12703	4809	68	10
u55_64	unknown (55-64)	London Labour Party	The London Labour Party 	474613052643462	Facebook	83	1	11578	4332	157	32
u55_64	unknown (55-64)	Greenpeace Sverige	Greenpeace Sverige	95735961890	Facebook	228	1	11489	3198	76	17
u55_64	unknown (55-64)	Labour Future	Labour Future	112846662487263	Facebook	21	1	11162	4848	93	19
u55_64	unknown (55-64)	London Gov	the Greater London Authority	713179875369048	Facebook	22	1	10955	4506	124	24
u55_64	unknown (55-64)	Sverigedemokraterna	Sverigedemokraterna	676246449160270	Facebook	31	1	10886	4518	112	35
u55_64	unknown (55-64)	Alex Salmond	Slainte Media	136191876445102	Facebook	75	1	10829	3624	55	6
u55_64	unknown (55-64)	The Week UK	The Week	177855115588808	Facebook	91	1	10817	3611	124	23
u55_64	unknown (55-64)	Partito Democratico		77034286895	Facebook	114	1	10363	4592	43	10
u55_64	unknown (55-64)	SPD	SPD	47930567748	Facebook	616	1	10362	3044	185	15
u55_64	unknown (55-64)	Venstre, Danmarks Liberale Parti	Venstre, Danmarks Liberale Parti	21465928829	Facebook	199	1	9940	3528	75	20
u55_64	unknown (55-64)	EU Watch	EU Watch	136146920436020	Facebook	35	1	9400	2896	29	3
u55_64	unknown (55-64)	Global Justice Now	Global Justice Now	6707857033	Facebook	325	1	9288	1525	426	5
u55_64	unknown (55-64)	Humble Household		1746853745395190	Facebook	37	1	9192	3766	108	35
u55_64	unknown (55-64)	Greenpeace UK	Greenpeace UK 	9250349228	Facebook	113	1	9179	3332	84	15
u55_64	unknown (55-64)	sp.a	sp.a	57253967150	Facebook	212	1	9103	3487	47	9
u55_64	unknown (55-64)	Silvio Berlusconi	Silvio Berlusconi	116716651695782	Facebook	306	1	8679	3482	44	8
u55_64	unknown (55-64)	NT Live	NT Live	107334993856	Facebook	106	1	8658	2504	95	6
u55_64	unknown (55-64)	Le HCR, l'Agence des Nations Unies pour les Réfugiés		112542522148670	Facebook	52	1	8607	3416	45	9
u55_64	unknown (55-64)	Centerpartiet	Centerpartiet	12690894340	Facebook	75	1	8593	3254	118	27
u55_64	unknown (55-64)	NHS Against Brexit	Scientists for EU	2126073340865034	Facebook	32	1	8547	2272	49	6
u55_64	unknown (55-64)	School Cuts	National Education Union	871798409656672	Facebook	119	1	8300	1933	81	12
u55_64	unknown (55-64)	InFacts	InFacts	678120165658753	Facebook	58	1	8244	1954	62	6
u55_64	unknown (55-64)	Sign for my Future		1345513882259768	Facebook	60	1	8038	3581	51	11
u55_64	unknown (55-64)	Progress	Progress Ltd	160136337364839	Facebook	38	1	7718	1716	68	8
u55_64	unknown (55-64)	UK government	UK government	408582579294175	Facebook	8	1	7559	3432	75	24
u55_64	unknown (55-64)	Vlaams Belang	Vlaams Belang	56605856504	Facebook	61	1	7513	3457	57	12
u55_64	unknown (55-64)	Renew	Renew  Party	1923371311278106	Facebook	132	1	7334	1836	94	12
u55_64	unknown (55-64)	Tom Van Grieken	Vlaams Belang	584806884924010	Facebook	85	1	7201	3096	65	15
u55_64	unknown (55-64)	N-VA	Nieuw-Vlaamse Alliantie	334361224413	Facebook	101	1	7149	2963	35	8
u55_64	unknown (55-64)	London Conservatives	London Conservatives	660899050767643	Facebook	8	1	7046	2907	130	30
u55_64	unknown (55-64)	SPÖ	SPÖ	77393060080	Facebook	350	1	6894	2186	62	7
u55_64	unknown (55-64)	Another Europe Is Possible	Another Europe is Possible	1652149835054791	Facebook	23	1	6810	1406	57	9
u55_64	unknown (55-64)	Andy Street	The Conservative Party	625464517632792	Facebook	260	1	6738	2185	99	4
u55_64	unknown (55-64)	Vote Hoult	The Social Co. Limited	2291808890907656	Facebook	61	1	6580	1875	74	9
u55_64	unknown (55-64)	Greenpeace España	Greenpeace España	133044800622	Facebook	141	1	6381	2412	21	3
u55_64	unknown (55-64)	Property & Business Info		562032903912680	Facebook	222	1	6298	1863	98	16
u55_64	unknown (55-64)	Fotografiska Stockholm		142320852554	Facebook	9	1	6282	2698	4	0
u55_64	unknown (55-64)	Plaid Cymru	Plaid Cymru	26416930992	Facebook	10	1	6252	2532	31	7
u55_64	unknown (55-64)	Socialists and Democrats Group in the European Parliament		127925800618165	Facebook	58	1	6183	2770	14	4
u55_64	unknown (55-64)	JW3	JW3	6587671199	Facebook	16	1	6166	2254	64	13
u55_64	unknown (55-64)	Save the Children España	Save the Children España	57845333112	Facebook	19	1	6163	2970	33	8
u55_64	unknown (55-64)	Asthma UK	Asthma UK	40952091012	Facebook	13	1	6122	2734	55	12
u55_64	unknown (55-64)	Oxford Academic (Oxford University Press)		188890111132385	Facebook	6	1	5859	2564	84	17
u55_64	unknown (55-64)	Greenpeace Italia	Greenpeace Italia	35346524498	Facebook	63	1	5815	2395	19	3
u55_64	unknown (55-64)	Un país moderno	Unidas Podemos	577723459314066	Facebook	40	1	5739	2455	40	8
u55_64	unknown (55-64)	More United	More United	618113871680733	Facebook	14	1	5473	1887	67	15
u55_64	unknown (55-64)	Le Monde		14892757589	Facebook	31	1	5418	2009	12	1
u55_64	unknown (55-64)	Esquerra Republicana de Catalunya	Esquerra Republicana de Catalunya	150234575797	Facebook	93	1	5344	2278	21	4
u55_64	unknown (55-64)	CDU	CDU	78502295414	Facebook	555	1	5305	1234	54	1
u55_64	unknown (55-64)	Vlaams Belang Brussel	Vlaams Belang	499682940133305	Facebook	63	1	5171	2031	96	22
u55_64	unknown (55-64)	WWF UK		311627208673	Facebook	30	1	5163	2143	42	6
u55_64	unknown (55-64)	Röda Korset		111630258867610	Facebook	44	1	5106	1463	19	6
u55_64	unknown (55-64)	Giorgos Patoulis	Georgios Patoulis	668804566601196	Facebook	112	1	5096	2035	19	3
u55_64	unknown (55-64)	Saco	Saco	133910158381	Facebook	32	1	5052	1026	26	6
u55_64	unknown (55-64)	Roberta Metsola		406824526101449	Facebook	396	1	5035	1598	49	2
u55_64	unknown (55-64)	Syre		1531320107133721	Facebook	43	1	4975	1282	64	20
u55_64	unknown (55-64)	Make.org	Make.org	122037308191612	Facebook	26	1	4973	2031	52	12
u55_64	unknown (55-64)	kontrast.at	kontrast.at	1079650008770485	Facebook	98	1	4783	1795	31	9
u55_64	unknown (55-64)	SP	SP	128393027527	Facebook	114	1	4720	1767	57	10
u55_64	unknown (55-64)	Change.org		83996318078	Facebook	21	1	4716	1260	30	2
u55_64	unknown (55-64)	Co-operative Party		7569385657	Facebook	50	1	4679	1430	58	7
u55_64	unknown (55-64)	Leave.EU		794492093982367	Facebook	13	1	4661	2330	38	18
u55_64	unknown (55-64)	Socialdemokratiet		41459763029	Facebook	53	1	4647	1552	62	16
u55_64	unknown (55-64)	Greenpeace Deutschland		22541752487	Facebook	217	1	4647	1478	37	4
u55_64	unknown (55-64)	National Theatre		9212864972	Facebook	29	1	4619	1733	40	8
u55_64	unknown (55-64)	Andreas Schieder	SPÖ	290881691011354	Facebook	124	1	4573	1390	37	7
u55_64	unknown (55-64)	EPP - European People's Party	EPP - European People's Party	48034275355	Facebook	137	1	4553	1827	27	4
u55_64	unknown (55-64)	Πέτρος Κόκκαλης - Petros Kokkalis	Πέτρος Κόκκαλης - Petros Kokkalis	234040963454964	Facebook	142	1	4535	1530	16	1
u55_64	unknown (55-64)	More In Common		199254923808679	Facebook	3	1	4383	1925	129	44
u55_64	unknown (55-64)	Electoral Commission UK	The Electoral Commission	841894835830532	Facebook	26	1	4355	1723	30	7
u55_64	unknown (55-64)	WeWorld Onlus		299584710061488	Facebook	109	1	4314	1646	24	4
u55_64	unknown (55-64)	Demand Better for BCP	BCP Liberal Democrats	586338961847589	Facebook	95	1	4262	1137	76	5
u55_64	unknown (55-64)	The Week Junior		799576543492660	Facebook	12	1	4245	1940	16	2
u55_64	unknown (55-64)	Open Vld	Open Vld	53668151866	Facebook	168	1	4144	1493	38	5
u55_64	unknown (55-64)	Jörgen Warborn EU-kandidat		56002955332	Facebook	82	1	4141	1071	43	11
u55_64	unknown (55-64)	Campact e.V.	Campact e.V.	82734241364	Facebook	29	1	4133	1658	34	7
u55_64	unknown (55-64)	Harald Vilimsky		547597092025909	Facebook	133	1	4114	1786	46	10
u55_64	unknown (55-64)	350.org		12185972707	Facebook	80	1	4093	934	21	2
u55_64	unknown (55-64)	ALDE Party – Liberals and Democrats for Europe		262681199589	Facebook	66	1	4084	1767	18	4
u55_64	unknown (55-64)	La Prime Énergie		336155273400553	Facebook	25	1	4030	1571	35	7
u55_64	unknown (55-64)	European Greens	European Greens	141366725876424	Facebook	20	1	4021	1786	50	10
u55_64	unknown (55-64)	Partidul Social Democrat	Partidul Social Democrat	291177524360702	Facebook	82	1	3950	1784	8	2
u55_64	unknown (55-64)	Reprieve	Reprieve	107485499287	Facebook	8	1	3912	1269	28	7
u55_64	unknown (55-64)	DéFI	DéFI	173518112695794	Facebook	126	1	3875	878	32	2
u55_64	unknown (55-64)	Amnistía Internacional España		78151799929	Facebook	23	1	3827	1690	27	4
u55_64	unknown (55-64)	e.on		369122343101775	Facebook	25	1	3795	1380	43	12
u55_64	unknown (55-64)	Dan Lok		998837360158985	Facebook	51	1	3735	1492	144	35
u55_64	unknown (55-64)	Primes écologique		152399322377561	Facebook	19	1	3700	1557	44	9
u55_64	unknown (55-64)	Animal Equality UK		2047806148766050	Facebook	4	1	3687	1762	32	15
u55_64	unknown (55-64)	Microsoft Education		171047642947607	Facebook	6	1	3656	1431	32	6
u55_64	unknown (55-64)	Mon Homéo Mon Choix		1643185362449069	Facebook	22	1	3605	1432	35	7
u55_64	unknown (55-64)	Care2		25852730092	Facebook	13	1	3605	1516	45	8
u55_64	unknown (55-64)	Lizette Risgaard		547601668763372	Facebook	65	1	3604	1279	41	10
u55_64	unknown (55-64)	Labour South East	The Labour Party.	123817579216	Facebook	23	1	3589	1440	51	14
u55_64	unknown (55-64)	Referendum Commission		580832208630212	Facebook	22	1	3576	1558	31	6
u55_64	unknown (55-64)	Hargreaves Lansdown		139193179458411	Facebook	44	1	3570	811	55	3
u55_64	unknown (55-64)	Unionen		175656912484553	Facebook	22	1	3552	1684	22	5
u55_64	unknown (55-64)	En Comú Podem	En Comú Podem	463627663844039	Facebook	45	1	3546	1519	13	3
u55_64	unknown (55-64)	Momentum	Momentum	155710354774360	Facebook	17	1	3536	827	31	5
u55_64	unknown (55-64)	Moderaterna	Moderaterna	7719591155	Facebook	90	1	3528	792	35	8
u55_64	unknown (55-64)	WWF Scotland	WWF Scotland	143664152344192	Facebook	10	1	3527	1594	22	7
u55_64	unknown (55-64)	European Parliament in the UK	European Parliament in the UK	310175149000473	Facebook	9	1	3521	1201	19	4
u55_64	unknown (55-64)	Medici Senza Frontiere		65737832194	Facebook	22	1	3511	1466	14	5
u55_64	unknown (55-64)	Skandia		139767876088719	Facebook	3	1	3501	1677	14	3
u55_64	unknown (55-64)	Yeovil Conservatives	The Yeovil Constituency Conservative Association of 17 The Park, Yeovil, Somerset, BA20 1DN.	1597713690525854	Facebook	12	1	3493	1393	24	8
u55_64	unknown (55-64)	Fundación Anesvad	Jose Manuel Bran Garcia	131231529742	Facebook	115	1	3466	1362	38	9
u55_64	unknown (55-64)	Mutualité chrétienne (MC)	Mutualité chrétienne (MC)	180233078762668	Facebook	50	1	3405	934	18	2
u55_64	unknown (55-64)	Socialdemokraterna i Stockholm	Socialdemokraterna i Stockholm	117056501654820	Facebook	21	1	3369	1122	31	10
u55_64	unknown (55-64)	Les Energies du Soleil		1684031805239401	Facebook	13	1	3369	1524	40	12
u55_64	unknown (55-64)	Kristdemokraterna	Kristdemokraterna	115198178364	Facebook	66	1	3360	852	25	7
u55_64	unknown (55-64)	Partidul Naţional Liberal	Future Innovation 	181375448581167	Facebook	118	1	3352	1397	6	1
u55_64	unknown (55-64)	Sverige för UNHCR		643137272398136	Facebook	60	1	3322	877	17	5
u55_64	unknown (55-64)	Coalition for Reform in Political Advertising UK	Alex Tait on behalf of The Coalition for Reform in Political Advertising 	275297063168071	Facebook	20	1	3319	1215	25	6
u55_64	unknown (55-64)	Labour Leave	Labour Leave	1291676554181443	Facebook	17	1	3294	745	25	3
u55_64	unknown (55-64)	Mayor of London	the Greater London Authority	360322167647280	Facebook	17	1	3293	1441	29	5
u55_64	unknown (55-64)	McCabe 4 Mayor	John Mccabe	564061654107377	Facebook	196	1	3293	666	110	1
u55_64	unknown (55-64)	Parti Populaire - Le Peuple	Parti Populaire - Le Peuple	482811111771571	Facebook	14	1	3265	1417	15	6
u55_64	unknown (55-64)	Rädda Barnen		72659261793	Facebook	56	1	3254	942	36	7
u55_64	unknown (55-64)	Jobbik Magyarországért Mozgalom	Jobbik Magyarországért Mozgalom	287770891404	Facebook	47	1	3238	1517	6	3
u55_64	unknown (55-64)	Les Antagonistes		398415124026017	Facebook	2	1	3236	1613	32	16
u55_64	unknown (55-64)	Facebook Nordic	Facebook	334318366655425	Facebook	9	1	3230	1505	19	3
u55_64	unknown (55-64)	BÜNDNIS 90/DIE GRÜNEN	BÜNDNIS 90/DIE GRÜNEN	47217143218	Facebook	140	1	3229	1112	37	5
u55_64	unknown (55-64)	Det Konservative Folkeparti	Det Konservative Folkeparti	39233495912	Facebook	84	1	3223	1083	53	13
u55_64	unknown (55-64)	Avaaz	Avaaz	8340223883	Facebook	15	1	3215	1237	49	9
u55_64	unknown (55-64)	Lilian Marijnissen	SP	844559615710915	Facebook	45	1	3199	1273	19	4
u55_64	unknown (55-64)	UNICEF France		173159234432	Facebook	34	1	3186	1265	15	4
u55_64	unknown (55-64)	2 Min Ecologie		433170297221149	Facebook	62	1	3171	1113	38	6
u55_64	unknown (55-64)	Peter Mertens	PVDA	236485149843971	Facebook	119	1	3165	939	27	3
u55_64	unknown (55-64)	MBRC		1853495178284518	Facebook	79	1	3151	1006	27	2
u55_64	unknown (55-64)	Smart Money		301938383792173	Facebook	5	1	3138	1569	65	15
u55_64	unknown (55-64)	Trades Union Congress (TUC)	Trades Union Congress	124295177616347	Facebook	12	1	3113	1290	16	5
u55_64	unknown (55-64)	Alfred Sant	Alfred Sant	537789116260209	Facebook	102	1	3093	1141	14	1
u55_64	unknown (55-64)	Compromís	Compromís	194053080624605	Facebook	43	1	3078	1279	13	2
u55_64	unknown (55-64)	Facebook Brussels	Facebook	287739491272583	Facebook	18	1	3069	1316	30	7
u55_64	unknown (55-64)	Kialo		729627343834501	Facebook	57	1	3058	1100	14	3
u55_64	unknown (55-64)	National Education Union	National Education Union	241312696375349	Facebook	11	1	3017	1252	30	8
u55_64	unknown (55-64)	Green Party of England and Wales	The Green Party of England and Wales	20995300784	Facebook	18	1	3003	866	10	0
u55_64	unknown (55-64)	Simon Clarke MP	Simon Clarke	228249960960213	Facebook	87	1	2988	745	37	1
u55_64	unknown (55-64)	Pledge for the Future	Pledge for the Future	266157764008126	Facebook	121	1	2988	644	100	0
u55_64	unknown (55-64)	foodwatch France		194934737335658	Facebook	14	1	2939	1016	33	6
u55_64	unknown (55-64)	Eclairelavie		475156612973063	Facebook	31	1	2938	932	39	6
u55_64	unknown (55-64)	Saine Abondance		2106701562887023	Facebook	20	1	2906	1188	32	8
u55_64	unknown (55-64)	Matteo Salvini	Lega - Salvini Premier	252306033154	Facebook	27	1	2887	1325	8	2
u55_64	unknown (55-64)	Trending Today		311683089314196	Facebook	33	1	2883	568	47	4
u55_64	unknown (55-64)	Tom Watson	The Labour Party. Promoted by Tom Watson on behalf of Tom Watson	470873686267967	Facebook	77	1	2829	894	39	0
u55_64	unknown (55-64)	Greenpeace Greece	Greenpeace Greece	31324524225	Facebook	32	1	2824	1166	8	1
u55_64	unknown (55-64)	Pet Drugs Online		266405059207	Facebook	17	1	2800	1180	68	12
u55_64	unknown (55-64)	International Alert		23799263071	Facebook	55	1	2791	625	43	3
u55_64	unknown (55-64)	CCFD-Terre Solidaire		112547358788607	Facebook	8	1	2789	1131	13	4
u55_64	unknown (55-64)	Labour North West	the Labour Party	61950489543	Facebook	24	1	2787	785	24	4
u55_64	unknown (55-64)	Groen	Groen	84920854319	Facebook	94	1	2783	951	14	2
u55_64	unknown (55-64)	Stichting De Noordzee		128160633899802	Facebook	26	1	2764	1176	17	3
u55_64	unknown (55-64)	Ministère de l'Intérieur		103146727990	Facebook	7	1	2762	1126	15	4
u55_64	unknown (55-64)	Thodoris Kalabokis	Thodoris Kalabokis	311791572779718	Facebook	75	1	2756	997	11	1
u55_64	unknown (55-64)	Josef Caruana		166617437361908	Facebook	64	1	2747	857	12	1
u55_64	unknown (55-64)	Maplanèteverte	Ma Planète Verte	340654233462962	Facebook	55	1	2742	650	27	3
u55_64	unknown (55-64)	David Casa	David Casa	193035580892638	Facebook	78	1	2730	728	13	0
u55_64	unknown (55-64)	Junts per Catalunya	Junts per Catalunya	386166375144833	Facebook	35	1	2708	981	9	1
u55_64	unknown (55-64)	LO Sverige		163820136238	Facebook	4	1	2701	1215	41	8
u55_64	unknown (55-64)	Andrew Stephenson MP	The Conservative Party	308313479373888	Facebook	91	1	2697	396	159	2
u55_64	unknown (55-64)	Save the Children Italia		46590675335	Facebook	25	1	2678	1154	9	2
u55_64	unknown (55-64)	Labour for a People's Vote	Labour for a People's Vote	524153294647517	Facebook	29	1	2668	756	34	3
u55_64	unknown (55-64)	CDH - Centre Démocrate Humaniste	CDH - Centre Démocrate Humaniste	189649407806135	Facebook	43	1	2649	1241	11	2
u55_64	unknown (55-64)	Kyriakos Mitsotakis		34848567724	Facebook	70	1	2636	1142	6	1
u55_64	unknown (55-64)	ΝΕΑ ΔΗΜΟΚΡΑΤΙΑ	ΝΕΑ ΔΗΜΟΚΡΑΤΙΑ	82362291274	Facebook	55	1	2623	1126	7	1
u55_64	unknown (55-64)	Pia Olsen Dyhr	SF	49348971479	Facebook	48	1	2617	772	21	5
u55_64	unknown (55-64)	PSOE	PSOE	189318235003	Facebook	112	1	2605	1083	7	1
u55_64	unknown (55-64)	Kristdemokraterna Stockholm	Kristdemokraterna Stockholm	176875999028086	Facebook	77	1	2586	761	22	6
u55_64	unknown (55-64)	PSC Partit dels  Socialistes de Catalunya	PSC Partit dels  Socialistes de Catalunya	87930687376	Facebook	59	1	2573	1029	16	3
u55_64	unknown (55-64)	Liberalerna	Liberalerna	132266740623	Facebook	72	1	2566	783	19	4
u55_64	unknown (55-64)	FDP	FDP	21289227249	Facebook	248	1	2554	744	31	1
u55_64	unknown (55-64)	Oxfam Italia		150200761667597	Facebook	80	1	2547	760	20	2
u55_64	unknown (55-64)	Parti Socialiste (PS)	Parti Socialiste (PS)	518402351504731	Facebook	72	1	2538	831	20	4
u55_64	unknown (55-64)	Loving Europe 2	Terence Brotheridge	999682533550783	Facebook	146	1	2474	493	87	0
u55_64	unknown (55-64)	DIE LINKE	DIE LINKE	47694585682	Facebook	127	1	2465	844	18	1
u55_64	unknown (55-64)	SSAB AB		145401631365	Facebook	32	1	2458	770	18	1
u55_64	unknown (55-64)	Cheshire West Labour	Cheshire West Labour	321249061618806	Facebook	47	1	2453	652	15	1
u55_64	unknown (55-64)	Scottish Labour Party	Scottish Labour	310039442421596	Facebook	27	1	2443	832	18	4
u55_64	unknown (55-64)	Blendle		181375052003138	Facebook	50	1	2437	786	30	4
u55_64	unknown (55-64)	Jamie Driscoll 4 Mayor	The Labour Party	296264854323788	Facebook	13	1	2429	914	41	9
u55_64	unknown (55-64)	World Animal Protection Danmark		33588644626	Facebook	5	1	2421	1020	27	6
u55_64	unknown (55-64)	Barcelona en Comú	Barcelona en Comú	247118052078814	Facebook	136	1	2417	542	36	3
u55_64	unknown (55-64)	John Crombez	sp.a	264131406977201	Facebook	75	1	2410	900	16	3
u55_64	unknown (55-64)	Tout sur le nucléaire / Alles over kernenergie		585236024850280	Facebook	13	1	2402	973	11	2
u55_64	unknown (55-64)	Dansk Industri - DI	Dansk Industri	141343589252160	Facebook	30	1	2394	697	18	4
u55_64	unknown (55-64)	SF	SF	74796954245	Facebook	43	1	2390	623	22	5
u55_64	unknown (55-64)	Linnéa Engström		1409490812643464	Facebook	35	1	2390	667	17	2
u55_64	unknown (55-64)	Platforma Obywatelska	KKW Koalicja Europejska PO PSL SLD .N Zieloni	102931488739	Facebook	146	1	2379	955	9	1
u55_64	unknown (55-64)	Greenpeace Belgium		73232790238	Facebook	42	1	2360	759	19	2
u55_64	unknown (55-64)	En bättre framtid		1173808162671999	Facebook	31	1	2340	876	20	5
u55_64	unknown (55-64)	Oxfam Novib		115289021825188	Facebook	30	1	2333	919	36	11
u55_64	unknown (55-64)	Kokoomus	Kokoomus	201285237101	Facebook	70	1	2330	358	92	2
u55_64	unknown (55-64)	Sara Skyttedal	Sara Skyttedal	249195615122371	Facebook	30	1	2325	698	15	5
u55_64	unknown (55-64)	Fidesz	Fidesz	9844779306	Facebook	76	1	2318	1098	7	3
u55_64	unknown (55-64)	Stop Cambio Climático		124967441456981	Facebook	26	1	2312	998	6	1
u55_64	unknown (55-64)	Dominic Hannigan	Dominic Hannigan	210059959032336	Facebook	79	1	2303	791	14	3
u55_64	unknown (55-64)	Sverigedemokraterna Värmlands län		336384546384299	Facebook	37	1	2294	568	18	4
u55_64	unknown (55-64)	Liberal Alliance	Liberal Alliance	106952222676974	Facebook	164	1	2292	465	25	4
u55_64	unknown (55-64)	Ayuda LGTB		315021912539118	Facebook	38	1	2278	915	18	3
u55_64	unknown (55-64)	Collectif : Féministes contre le cyberharcèlement		1026099724099181	Facebook	73	1	2265	661	14	0
u55_64	unknown (55-64)	Patryk Jaki		199877710116314	Facebook	132	1	2254	870	9	2
u55_64	unknown (55-64)	Covestro		150793518281117	Facebook	14	1	2249	992	3	1
u55_64	unknown (55-64)	Luke 'Ming' Flanagan MEP	Luke 'Ming' Flanagan MEP	182354901841834	Facebook	3	1	2241	1120	11	2
u55_64	unknown (55-64)	WWF España		57973661707	Facebook	34	1	2228	919	11	1
u55_64	unknown (55-64)	Dear Leavers		218188929121070	Facebook	16	1	2205	626	17	1
u55_64	unknown (55-64)	MasterClass		687589164666184	Facebook	3	1	2183	1091	9	1
u55_64	unknown (55-64)	Pernille Weiss	Det Konservative Folkeparti	2071183673144991	Facebook	29	1	2176	830	33	8
u55_64	unknown (55-64)	Esquerra Barcelona	Esquerra Barcelona	374070875952519	Facebook	23	1	2172	962	12	3
u55_64	unknown (55-64)	España Ciudadana		349800235527721	Facebook	18	1	2169	923	11	2
u55_64	unknown (55-64)	Subventions énergétiques 2019	Primes Energetiques	1815507421886752	Facebook	86	1	2142	511	22	1
u55_64	unknown (55-64)	Ebba Busch Thor		661702230515862	Facebook	27	1	2140	443	17	3
u55_64	unknown (55-64)	East Midlands Labour	East Midlands Labour Party	1104066886293096	Facebook	86	1	2129	458	30	1
u55_64	unknown (55-64)	Greenpeace International		7297163299	Facebook	5	1	2118	925	2	1
u55_64	unknown (55-64)	Joe Sammut		433245190070343	Facebook	68	1	2117	798	11	0
u55_64	unknown (55-64)	LSAP	Lëtzebuerger Sozialistesch Aarbechterpartei	47216059667	Facebook	76	1	2100	568	12	0
u55_64	unknown (55-64)	International Animal Rescue	International Animal Rescue 	8539814909	Facebook	12	1	2091	842	14	3
u55_64	unknown (55-64)	Ioannis Vardakastanis	Ioannis Vardakastanis	195643347979465	Facebook	61	1	2074	802	9	0
u55_64	unknown (55-64)	Gazeta Wyborcza		63563473556	Facebook	187	1	2055	655	5	0
u55_64	unknown (55-64)	Give me a Chance		596466710820200	Facebook	1	1	2022	1011	101	20
u55_64	unknown (55-64)	Voices for Refugees - أصوات لأجل اللاجئين		1601274913421469	Facebook	18	1	2019	861	9	1
u55_64	unknown (55-64)	Vihreät - De Gröna		33722070600	Facebook	27	1	2013	759	6	1
u55_64	unknown (55-64)	Nemzeti Televízió	Alfahír Hírportál	164061553749320	Facebook	80	1	2008	816	5	2
u55_64	unknown (55-64)	Dansk Folkeparti	Dansk Folkeparti	520449347983427	Facebook	10	1	2003	867	24	7
u55_64	unknown (55-64)	CIWF France	CIWF France	335868279790722	Facebook	5	1	1969	936	27	6
u55_64	unknown (55-64)	Fratelli d'Italia	Fratelli d'Italia	355710427861591	Facebook	57	1	1948	735	10	2
u55_64	unknown (55-64)	Tony Blair Institute for Global Change	Tony Blair Institute for Global Change	131712588824	Facebook	12	1	1933	484	11	1
u55_64	unknown (55-64)	Chris Green	Chris Green MP	249684318543741	Facebook	19	1	1918	536	21	4
u55_64	unknown (55-64)	Søren Pape Poulsen	Søren Pape Poulsen	952334508116178	Facebook	22	1	1887	659	27	8
u55_64	unknown (55-64)	The News Dump	The News Dump	210909392847421	Facebook	89	1	1887	509	36	2
u55_64	unknown (55-64)	România în primul rând	Future Innovation	770704223323599	Facebook	71	1	1886	809	2	0
u55_64	unknown (55-64)	Amnesty International Nederland	Amnesty International Nederland	57729029960	Facebook	31	1	1857	630	12	2
u55_64	unknown (55-64)	Grüner Fisher Investments		138832469593845	Facebook	46	1	1855	625	77	21
u55_64	unknown (55-64)	Viite - Tieteen ja teknologian vihreät		73631194779	Facebook	6	1	1846	725	3	0
u55_64	unknown (55-64)	Fine Gael	Fine Gael	264172043210	Facebook	8	1	1837	728	9	2
u55_64	unknown (55-64)	ČSSD	ČSSD	111041662264882	Facebook	205	1	1834	491	10	2
u55_64	unknown (55-64)	SE Energi & Klima		169900309711559	Facebook	37	1	1829	635	11	3
u55_64	unknown (55-64)	Labour North	Labour North, Promoted by Fiona Stanton on behalf of Labour North	685018844928882	Facebook	36	1	1819	620	41	12
u55_64	unknown (55-64)	Alianța 2020 USR PLUS	Uniunea Salvați România - USR	621574984950400	Facebook	127	1	1809	797	8	1
u55_64	unknown (55-64)	Stichting Vluchteling		120034538112114	Facebook	41	1	1806	590	24	5
u55_64	unknown (55-64)	Privatinvestor Politik Spezial		414014872673187	Facebook	10	1	1794	755	8	2
u55_64	unknown (55-64)	Chapterful		475379995985931	Facebook	6	1	1790	379	25	7
u55_64	unknown (55-64)	Liam Byrne	Liam Byrne MP	147894618876725	Facebook	53	1	1779	391	9	0
u55_64	unknown (55-64)	Uniunea Salvați România - USR	Uniunea Salvați România - USR	1058116737612843	Facebook	71	1	1776	829	7	1
u55_64	unknown (55-64)	Greenpeace Österreich	Greenpeace Österreich	32984679070	Facebook	190	1	1773	447	30	0
u55_64	unknown (55-64)	Miapetra Kumpula-Natri		922311201130062	Facebook	29	1	1766	568	18	3
u55_64	unknown (55-64)	Cyrus Engerer	Cyrus Engerer	212468218793878	Facebook	104	1	1756	528	8	0
u55_64	unknown (55-64)	Agence Isolation Pour Tous		568528630290119	Facebook	21	1	1750	703	21	4
u55_64	unknown (55-64)	World Transformation Movement		372125409639	Facebook	14	1	1741	756	27	4
u55_64	unknown (55-64)	Cllr. Gareth Eales - For Northampton South	Northampton South Labour Party	625007417657121	Facebook	26	1	1737	453	12	0
u55_64	unknown (55-64)	Aides énergétiques pour tous		789578834730248	Facebook	16	1	1736	692	20	4
u55_64	unknown (55-64)	We Believe in Israel	We Believe in Israel	191388894239685	Facebook	7	1	1731	359	22	4
u55_64	unknown (55-64)	Morten Dahlin	Morten Dahlin	577345799101307	Facebook	97	1	1728	402	6	1
u55_64	unknown (55-64)	Tim Farron	Westmorland and Lonsdale Liberal Democrats	118873691462974	Facebook	37	1	1728	392	7	0
u55_64	unknown (55-64)	Aldi Careers UK		793837030669793	Facebook	7	1	1721	689	6	2
u55_64	unknown (55-64)	Òmnium International		2177632682563843	Facebook	24	1	1720	588	17	2
u55_64	unknown (55-64)	Craig Whittaker MP	Independent Parliamentary Standards Authority	992952320734045	Facebook	21	1	1716	402	30	4
u55_64	unknown (55-64)	Ruth Jones for Newport West	Welsh Labour, promoted by Rhiannon Evans on behalf of Ruth Jones, both at 21 Mill Street, Newport. NP20 5HA. 	974453309610373	Facebook	54	1	1708	433	25	2
u55_64	unknown (55-64)	European GNSS Agency		128217567344601	Facebook	3	1	1707	804	7	2
u55_64	unknown (55-64)	CIWF Italia		576664002355828	Facebook	24	1	1706	718	13	3
u55_64	unknown (55-64)	Southbank Centre		23958741368	Facebook	5	1	1694	546	15	3
u55_64	unknown (55-64)	Gaia		182073298490036	Facebook	4	1	1685	801	15	6
u55_64	unknown (55-64)	Detention Action	Detention Action	271790429521112	Facebook	8	1	1684	357	19	3
u55_64	unknown (55-64)	MoneyWeek	MoneyWeek	110326662354766	Facebook	4	1	1684	732	8	3
u55_64	unknown (55-64)	Nikos Papandreou	Nikos Papandreou	2245032148843299	Facebook	62	1	1681	462	6	0
u55_64	unknown (55-64)	Médecins Sans Frontières		154912951193067	Facebook	21	1	1679	477	14	2
u55_64	unknown (55-64)	VB - nos gens d'abord	Vlaams Belang	816130908786112	Facebook	56	1	1678	597	18	4
u55_64	unknown (55-64)	Initiative Neue Soziale Marktwirtschaft (INSM)	Initiative Neue Soziale Marktwirtschaft (INSM)	121678260974	Facebook	203	1	1677	381	23	0
u55_64	unknown (55-64)	Die Grünen	Die Grünen	21759893033	Facebook	45	1	1667	531	12	2
u55_64	unknown (55-64)	Now Brexit	donors to NowBrexit	292444058229546	Facebook	16	1	1643	524	11	1
u55_64	unknown (55-64)	UCU - University and College Union	University and College Union	1446863375581750	Facebook	3	1	1642	596	13	4
u55_64	unknown (55-64)	Derby News	Russell Pollard	584574371631157	Facebook	13	1	1635	396	12	1
u55_64	unknown (55-64)	France Soleil		1928798227141536	Facebook	12	1	1634	792	25	7
u55_64	unknown (55-64)	Mes économies d'énergie		124948231440251	Facebook	11	1	1630	630	18	3
u55_64	unknown (55-64)	I Love EU	Terence Brotheridge	396013737832767	Facebook	96	1	1625	286	57	0
u55_64	unknown (55-64)	Leave Means Leave	Leave Means Leave	1705780739687918	Facebook	9	1	1618	346	15	2
u55_64	unknown (55-64)	Scottish Enterprise	Scottish Enterprise	172043092819095	Facebook	15	1	1615	327	11	1
u55_64	unknown (55-64)	5Pillars	5 Pillars	490858150969676	Facebook	7	1	1612	743	16	3
u55_64	unknown (55-64)	Theresa May	The Conservative Party	1348528641830572	Facebook	57	1	1601	500	21	1
u55_64	unknown (55-64)	Walsall Labour	The Labour Party	1933361683443372	Facebook	25	1	1596	327	14	2
u55_64	unknown (55-64)	Johnny For Plymouth	Johnny Mercer 	938126169534790	Facebook	18	1	1595	401	12	1
u55_64	unknown (55-64)	Anas Sarwar	Anas Sarwar	657070411062471	Facebook	25	1	1594	375	6	0
u55_64	unknown (55-64)	Vereniging Eigen Huis		371735371563	Facebook	15	1	1581	623	13	2
u55_64	unknown (55-64)	ExxonMobil		925007000949719	Facebook	33	1	1576	600	16	4
u55_64	unknown (55-64)	Éditions Edilivre		203451893026466	Facebook	2	1	1574	583	0	0
u55_64	unknown (55-64)	Ben Bradley MP	The Conservative Party	1361286460616795	Facebook	54	1	1559	278	47	1
u55_64	unknown (55-64)	Tomas Tobé	Moderaterna	1829725353928210	Facebook	34	1	1553	457	15	3
u55_64	unknown (55-64)	Johan Danielsson	LO Sverige	636103536446815	Facebook	4	1	1546	606	14	3
u55_64	unknown (55-64)	Momentum Mozgalom	Momentum Mozgalom	592204747588011	Facebook	69	1	1531	538	3	0
u55_64	unknown (55-64)	Greenpeace Luxembourg		67370457805	Facebook	89	1	1529	377	12	0
u55_64	unknown (55-64)	UNICEF Sverige		59324455950	Facebook	10	1	1511	687	17	4
u55_64	unknown (55-64)	Ανεξάρτητοι 'Ελληνες	Start Business Hellas	343233902394715	Facebook	15	1	1510	671	2	0
u55_64	unknown (55-64)	The Palestine Institute for Public Diplomacy		158233651450504	Facebook	8	1	1506	753	4	0
u55_64	unknown (55-64)	Ligue des droits de l'Homme		91187778160	Facebook	5	1	1492	703	5	0
u55_64	unknown (55-64)	Campaign Together	Campaign Together	1299537773487243	Facebook	31	1	1487	458	19	1
u55_64	unknown (55-64)	Feministiskt initiativ	Feministiskt initiativ	112513375470294	Facebook	18	1	1485	340	18	7
u55_64	unknown (55-64)	Yorkshire and the Humber Labour Party	the Labour Party	1608245282744484	Facebook	9	1	1475	676	31	7
u55_64	unknown (55-64)	Tretti		250791121791	Facebook	2	1	1475	575	1	0
u55_64	unknown (55-64)	Sheffield City Region Mayor	Sheffield City Region Mayoral Combined Authority	2064459193832465	Facebook	13	1	1473	434	11	1
u55_64	unknown (55-64)	Μανώλης Κεφαλογιάννης / Manolis Kefalogiannis		51638783172	Facebook	79	1	1472	319	3	0
u55_64	unknown (55-64)	Partit Nazzjonalista	Partit Nazzjonalista	159249234115841	Facebook	13	1	1460	601	4	1
u55_64	unknown (55-64)	Claudia Gamon	NEOS	447992848717452	Facebook	109	1	1460	425	12	1
u55_64	unknown (55-64)	Rory Palmer MEP	Rory Palmer MEP (Labour Member of the European Parliament for the East Midlands, UK) 	1832404216799553	Facebook	12	1	1460	315	13	2
u55_64	unknown (55-64)	Unblock the Embankment	Unblock The Embankment	296306887805496	Facebook	4	1	1459	617	9	2
u55_64	unknown (55-64)	UNRWA		105171192862790	Facebook	13	1	1448	503	5	0
u55_64	unknown (55-64)	Kostas Dervos	Kostas Dervos	1970779819866623	Facebook	101	1	1446	397	4	0
u55_64	unknown (55-64)	Enhedslisten	Enhedslisten	223040066022	Facebook	18	1	1424	518	8	2
u55_64	unknown (55-64)	SiViaggia		762240900455909	Facebook	4	1	1421	613	3	1
u55_64	unknown (55-64)	James Palmer	James Palmer	1130573317069850	Facebook	16	1	1411	328	8	0
u55_64	unknown (55-64)	ADF International		382186268590822	Facebook	2	1	1405	562	1	0
u55_64	unknown (55-64)	David Lega		251829904829983	Facebook	33	1	1402	327	16	2
u55_64	unknown (55-64)	Better Brexit	Better Brexit	456823584822825	Facebook	11	1	1399	442	6	0
u55_64	unknown (55-64)	Hungry Cat		2098589203723444	Facebook	3	1	1391	368	13	3
u55_64	unknown (55-64)	Oxfam IBIS	Oxfam IBIS	144965885963	Facebook	26	1	1390	322	14	3
u55_64	unknown (55-64)	Angelika Winzig	Wirtschaftsbund Österreich	141015722773374	Facebook	188	1	1386	318	28	0
u55_64	unknown (55-64)	Campus protestant		2019076568379648	Facebook	13	1	1377	504	15	1
u55_64	unknown (55-64)	Scottish Family Party	Scottish Family Party	1313354295370593	Facebook	21	1	1377	514	9	2
u55_64	unknown (55-64)	George Kyrtsos - Γιώργος Κύρτσος	DigitalWise Agency 	1413834448867079	Facebook	38	1	1373	433	4	0
u55_64	unknown (55-64)	Γιώργος Χατζημάρκος	Γιώργος Χατζημάρκος	2128150737398149	Facebook	63	1	1371	410	3	0
u55_64	unknown (55-64)	Le 1		850828794934579	Facebook	17	1	1363	525	2	0
u55_64	unknown (55-64)	North of Tyne Combined Authority	Northumberland County Council	1813712485335415	Facebook	3	1	1360	680	15	7
u55_64	unknown (55-64)	Jeremy Corbyn	The Labour Party	330250343871	Facebook	9	1	1358	613	9	1
u55_64	unknown (55-64)	Världsnaturfonden WWF		371791194529	Facebook	6	1	1356	537	11	2
u55_64	unknown (55-64)	Diakonia		42676805259	Facebook	18	1	1349	486	2	1
u55_64	unknown (55-64)	Mónica Oltra	Compromís	81107269227	Facebook	12	1	1348	622	4	1
u55_64	unknown (55-64)	FHE Group		1241383025915322	Facebook	1	1	1345	673	6	1
u55_64	unknown (55-64)	Greenpeace Suomi	Greenpeace Suomi	9227859351	Facebook	19	1	1334	321	13	1
u55_64	unknown (55-64)	Wacky Politicians	Ladbrokes Belgium	325449998160769	Facebook	66	1	1332	533	4	0
u55_64	unknown (55-64)	Entega		198244400189055	Facebook	60	1	1332	434	21	4
u55_64	unknown (55-64)	Soheila Fors		420594604736397	Facebook	14	1	1329	351	3	1
u55_64	unknown (55-64)	SECIB Immobilier		378027698975144	Facebook	23	1	1328	498	15	4
u55_64	unknown (55-64)	Economiser Energie		286272318578056	Facebook	11	1	1322	502	15	3
u55_64	unknown (55-64)	Our Future, Our Choice	Our Future, Our Choice	1777176712575796	Facebook	23	1	1321	324	18	2
u55_64	unknown (55-64)	Francis Zammit Dimech	Francis Zammit Dimech	117406495021568	Facebook	91	1	1313	294	11	0
u55_64	unknown (55-64)	David Morris MP	The Conservative Party	403912456334555	Facebook	13	1	1310	267	21	3
u55_64	unknown (55-64)	Facebook	Facebook	726281677519881	Facebook	5	1	1306	653	6	1
u55_64	unknown (55-64)	Moderaterna i Västra Götaland	Moderaterna i Västra Götaland	295727652090	Facebook	19	1	1282	330	19	5
u55_64	unknown (55-64)	Uppsala kommun	Uppsala kommun	104760926229060	Facebook	24	1	1282	256	8	1
u55_64	unknown (55-64)	PD Martin Cauchi Inglott		181379916072401	Facebook	41	1	1282	430	8	0
u55_64	unknown (55-64)	International Rescue Committee - Europe		220543443746	Facebook	4	1	1280	256	24	10
u55_64	unknown (55-64)	SPD-Bundestagsfraktion	SPD-Bundestagsfraktion	144380008933707	Facebook	56	1	1279	296	7	0
u55_64	unknown (55-64)	Greg Stanton	Manchester Withington Liberal Democrats	275496989514175	Facebook	26	1	1275	334	11	1
u55_64	unknown (55-64)	Matt Carthy	Carthy Matt	580216935345125	Facebook	18	1	1267	267	2	0
u55_64	unknown (55-64)	Manchester For Europe	Manchester for Europe	1936534083277140	Facebook	19	1	1265	439	9	1
u55_64	unknown (55-64)	Karoline Edtstadler	Salzburger Volkspartei	1580540041983231	Facebook	95	1	1252	279	22	1
u55_64	unknown (55-64)	Dorset for Europe	Dorset For Europe	205664403208769	Facebook	11	1	1250	452	22	3
u55_64	unknown (55-64)	Bikezac - By Cobags		292443537522136	Facebook	4	1	1250	443	6	2
u55_64	unknown (55-64)	Afrika Kontakt		194452460650048	Facebook	25	1	1249	169	11	1
u55_64	unknown (55-64)	Roberto Rosso		1735684256653359	Facebook	38	1	1242	523	6	1
u55_64	unknown (55-64)	QuoteSearch.com	QuoteSearch	2235255886787452	Facebook	12	1	1241	336	14	2
u55_64	unknown (55-64)	Jan Jambon	Nieuw-Vlaamse Alliantie	60317812912	Facebook	5	1	1241	513	11	2
u55_64	unknown (55-64)	Chris Webb	Chris Webb for Blackpool North & Cleveleys Campaign	367006363463686	Facebook	32	1	1236	304	8	0
u55_64	unknown (55-64)	Alton Liberal Democrats	Stephen Donald Hunt	1522389011145703	Facebook	26	1	1232	37	127	0
u55_64	unknown (55-64)	Slough Conservatives	Slough Conservative Association	1562008267209505	Facebook	68	1	1231	396	19	0
u55_64	unknown (55-64)	Westmorland and Lonsdale Conservatives	Westmorland and Lonsdale Conservative Association	157135178325014	Facebook	58	1	1228	292	28	0
u55_64	unknown (55-64)	Mellemfolkeligt Samvirke	Mellemfolkeligt Samvirke	5624899398	Facebook	55	1	1227	319	11	3
u55_64	unknown (55-64)	Commission européenne en France		173257392750594	Facebook	3	1	1224	482	2	1
u55_64	unknown (55-64)	Alternativ för Sverige	Alternativ för Sverige	270592853332987	Facebook	17	1	1221	518	14	4
u55_64	unknown (55-64)	Santesano		316620582266150	Facebook	3	1	1221	584	11	5
u55_64	unknown (55-64)	SOS Racisme		166294396737151	Facebook	1	1	1219	610	12	6
u55_64	unknown (55-64)	Banco Mundial		152914224736727	Facebook	5	1	1212	505	1	0
u55_64	unknown (55-64)	Rishi Sunak	Rishi Sunak MP	1540198936249794	Facebook	16	1	1211	273	10	0
u55_64	unknown (55-64)	Svenska kyrkans internationella arbete		197334613725511	Facebook	5	1	1202	438	11	2
u55_64	unknown (55-64)	Instant PPI UK		616112792139038	Facebook	50	1	1201	389	12	2
u55_64	unknown (55-64)	It’s Our City	It's Our City	332341263921598	Facebook	35	1	1194	228	39	0
u55_64	unknown (55-64)	Bournemouth Green Party	South East Dorset Green Party	140064492697345	Facebook	41	1	1194	280	14	1
u55_64	unknown (55-64)	Παύλος Ελευθεριάδης		768996799785550	Facebook	21	1	1192	470	2	0
u55_64	unknown (55-64)	Charles Goerens		441313569220539	Facebook	27	1	1188	315	5	0
u55_64	unknown (55-64)	Chelmsford Lib Dems	Chelmsford & Maldon Liberal Democrats	681292818704074	Facebook	34	1	1180	338	11	1
u55_64	unknown (55-64)	York Conservatives	York Conservatives	133127436740345	Facebook	21	1	1179	320	19	3
u55_64	unknown (55-64)	Winchester Liberal Democrats	Winchester District Liberal Democrats	274624889359101	Facebook	15	1	1179	179	50	1
u55_64	unknown (55-64)	Fairtrade Foundation	The Fairtrade Foundation	88845925295	Facebook	5	1	1178	555	8	2
u55_64	unknown (55-64)	Ipswich Labour	The Labour Party. Promoted by John Cook on behalf of Ipswich Labour Party	342002108699	Facebook	53	1	1169	339	17	0
u55_64	unknown (55-64)	Assets For Life		1536572196655036	Facebook	35	1	1169	253	16	3
u55_64	unknown (55-64)	Podem	Unides Podem-Esquerra Unida	792238440859918	Facebook	23	1	1166	528	6	2
u55_64	unknown (55-64)	Greenpeace Nederland		288295911466	Facebook	15	1	1157	377	10	1
u55_64	unknown (55-64)	Eddie Hughes MP	Eddie Hughes & Walsall Conservatives	1544601488897440	Facebook	72	1	1146	267	21	1
u55_64	unknown (55-64)	Fianna Fáil	Fianna Fáil	222629035132	Facebook	27	1	1146	402	4	1
u55_64	unknown (55-64)	Riparte il futuro		476098022442147	Facebook	28	1	1144	465	2	0
u55_64	unknown (55-64)	HC Strache	FPÖ	74865038590	Facebook	54	1	1141	477	7	2
u55_64	unknown (55-64)	ΑΚΕΛ - AKEL	ΑΚΕΛ - AKEL	117799504920552	Facebook	59	1	1141	357	3	0
u55_64	unknown (55-64)	Our West Lancashire	Our West Lancashire	1517535045204083	Facebook	128	1	1140	118	76	0
u55_64	unknown (55-64)	Niels Fuglsang		264009771074617	Facebook	80	1	1135	241	6	0
u55_64	unknown (55-64)	Stryktipset - Svenska Spel Sport & Casino		310136262442458	Facebook	1	1	1135	454	10	2
u55_64	unknown (55-64)	MÉS per Mallorca	MÉS per Mallorca	183718528322316	Facebook	40	1	1130	290	4	0
u55_64	unknown (55-64)	Eco-systèmes		180995598634858	Facebook	4	1	1124	562	5	2
u55_64	unknown (55-64)	Europaparlamentets kontor i Sverige		293678655099	Facebook	2	1	1116	553	5	1
u55_64	unknown (55-64)	Rubber Republic	Rubber Republic	14346998980	Facebook	3	1	1115	223	2	0
u55_64	unknown (55-64)	Stefano Maullu		150618724962388	Facebook	29	1	1108	434	2	0
u55_64	unknown (55-64)	Health Poverty Action	Health Poverty Action	208194134833	Facebook	42	1	1102	345	35	1
u55_64	unknown (55-64)	Fossilfritt Sverige	Fossilfritt Sverige	1845878962347273	Facebook	21	1	1101	337	7	2
u55_64	unknown (55-64)	World Bank		153371894688575	Facebook	33	1	1100	380	3	0
u55_64	unknown (55-64)	Concern Worldwide UK	Concern Worldwide UK	310531132443420	Facebook	1	1	1099	549	6	3
u55_64	unknown (55-64)	Amnesty International Polska		57544755889	Facebook	40	1	1094	329	3	0
u55_64	unknown (55-64)	Giorgia Meloni	Fratelli d'Italia	38919827644	Facebook	33	1	1093	444	3	0
u55_64	unknown (55-64)	Prof. Dr. Niyazi Kızılyürek	Niyazi Kızılyürek	878208312216203	Facebook	16	1	1092	476	4	0
u55_64	unknown (55-64)	Pablo Iglesias	Unidas Podemos	414809308591481	Facebook	4	1	1088	544	30	6
u55_64	unknown (55-64)	Òmnium Cultural		161916260510295	Facebook	11	1	1087	511	5	0
u55_64	unknown (55-64)	Ultima Petfood France		223284707822128	Facebook	7	1	1086	490	6	1
u55_64	unknown (55-64)	Демократична България	Демократична България	995342840629890	Facebook	25	1	1085	389	2	0
u55_64	unknown (55-64)	The Radical Tea Towel Company		242351902481164	Facebook	14	1	1079	209	15	1
u55_64	unknown (55-64)	Neste		1083597725003936	Facebook	1	1	1078	431	10	2
u55_64	unknown (55-64)	LRF		261455205686	Facebook	8	1	1078	385	6	1
u55_64	unknown (55-64)	Simulation Energétique		562488297524492	Facebook	17	1	1075	404	11	3
u55_64	unknown (55-64)	Vouliwatch		627330267312880	Facebook	7	1	1073	432	2	1
u55_64	unknown (55-64)	Red Barnet		67571270393	Facebook	11	1	1072	236	12	2
u55_64	unknown (55-64)	Othmar Karas	Volkspartei	395638503864459	Facebook	72	1	1071	246	21	1
u55_64	unknown (55-64)	Naser Khader		1995019340791443	Facebook	13	1	1071	334	11	2
u55_64	unknown (55-64)	Nicola Beer		206866712830769	Facebook	12	1	1067	17	99	0
u55_64	unknown (55-64)	WWF-France	WWF-France	145392792632	Facebook	8	1	1064	405	2	0
u55_64	unknown (55-64)	My Pension Expert		182455928490394	Facebook	1	1	1064	532	12	6
u55_64	unknown (55-64)	Mon Energie Verte		252140872017180	Facebook	40	1	1063	370	15	2
u55_64	unknown (55-64)	28 minutes		311595228873763	Facebook	2	1	1059	476	1	0
u55_64	unknown (55-64)	Párbeszéd Magyarországért	Párbeszéd Magyarországért	113684438795574	Facebook	40	1	1056	414	1	0
u55_64	unknown (55-64)	IF Metall		108492218918	Facebook	6	1	1056	396	7	1
u55_64	unknown (55-64)	Campaign for Freedom of Information	Campaign for Freedom of Information	1588576601408501	Facebook	51	1	1055	60	93	0
u55_64	unknown (55-64)	York Labour	York Labour Party	143998618983723	Facebook	28	1	1042	233	15	0
u55_64	unknown (55-64)	Henrik Sundström - M		180745369170	Facebook	20	1	1038	243	6	1
u55_64	unknown (55-64)	Eurovaaliehdokas Kari Kallonen	Kallonen Kari Markku	2130226653737235	Facebook	31	1	1038	239	14	0
u55_64	unknown (55-64)	My Nottingham	My Nottingham	103293816400733	Facebook	3	1	1038	386	2	1
u55_64	unknown (55-64)	Transition Energétique		753069428230726	Facebook	11	1	1038	384	10	2
u55_64	unknown (55-64)	Možemo - politička platforma	Možemo - politička platforma	1064762700374086	Facebook	14	1	1029	327	2	0
u55_64	unknown (55-64)	مفوضية اللاجئين		188842724507690	Facebook	37	1	1029	347	6	0
u55_64	unknown (55-64)	RefugiadosSOS		550220551831041	Facebook	123	1	1029	141	54	0
u55_64	unknown (55-64)	Lara Comi	Lara Comi	155619044465389	Facebook	65	1	1016	297	3	0
u55_64	unknown (55-64)	Extinction Rebellion		239675493315233	Facebook	1	1	1016	508	29	5
u55_64	unknown (55-64)	Luchterhand Literaturverlag		341410458159	Facebook	9	1	1015	501	12	3
u55_64	unknown (55-64)	UNICEF Belgium	UNICEF Belgium	60589646095	Facebook	11	1	1014	433	6	1
u55_64	unknown (55-64)	Katarina Barley	SPD	1522202731410785	Facebook	61	1	1012	253	8	0
u55_64	unknown (55-64)	Stoke-on-Trent Labour	The Labour Party	2279966602282911	Facebook	19	1	1012	207	8	1
u55_64	unknown (55-64)	Coalicion Canaria	Coalicion Canaria	1499578240271320	Facebook	42	1	1007	388	2	0
u55_64	unknown (55-64)	Adrian Delia	Partit Nazzjonalista	1442808799090985	Facebook	18	1	1005	348	4	0
u55_64	unknown (55-64)	Bundesregierung		768905426534529	Facebook	5	1	999	433	8	1
u55_64	unknown (55-64)	Amref Health Africa - Italia		48677844864	Facebook	24	1	988	390	5	0
u55_64	unknown (55-64)	ETC-tidningarna		369582590803	Facebook	14	1	983	213	9	2
u55_64	unknown (55-64)	West Midlands Labour	The Labour Party	1243222025739706	Facebook	23	1	980	378	20	3
u55_64	unknown (55-64)	Mayor Dave Hodgson	Bedford Liberal Democrats	131742133535191	Facebook	30	1	980	273	9	0
u55_64	unknown (55-64)	Liverpool for Europe - Public page	#ProjectHope	521150731417045	Facebook	7	1	977	381	7	2
u55_64	unknown (55-64)	Craven District Council	Craven District Council on behalf of the UK Government's Cabinet Office	165525386853146	Facebook	6	1	976	195	11	2
u55_64	unknown (55-64)	Petizioni.it		1410474395723679	Facebook	18	1	974	413	5	1
u55_64	unknown (55-64)	ARTE in italiano		1820709954654528	Facebook	9	1	974	323	14	0
u55_64	unknown (55-64)	Saxo Capital Markets UK		343225583848	Facebook	59	1	974	168	37	0
u55_64	unknown (55-64)	Fără Penali în Funcții Publice	Uniunea Salvați România - USR	275621429636078	Facebook	33	1	969	472	3	0
u55_64	unknown (55-64)	10:10 climate action	10:10 climate action	131681033513	Facebook	4	1	958	446	7	0
u55_64	unknown (55-64)	StandUp4Brexit	StandUp4Brexit	314028075829732	Facebook	3	1	958	340	11	3
u55_64	unknown (55-64)	Alice Mary Higgins for Europe	Alice Mary Higgins	1055105841226515	Facebook	18	1	957	213	5	0
u55_64	unknown (55-64)	Irene Montero	Unidas Podemos	699285113542248	Facebook	2	1	952	476	7	2
u55_64	unknown (55-64)	CDA	CDA	320374518118	Facebook	7	1	950	415	4	1
u55_64	unknown (55-64)	Forsmarks kärnkraftverk		169746503070808	Facebook	2	1	945	472	18	3
u55_64	unknown (55-64)	Key		1411407032496659	Facebook	2	1	945	469	1	0
u55_64	unknown (55-64)	UNO-Flüchtlingshilfe		236934790401	Facebook	23	1	944	264	13	3
u55_64	unknown (55-64)	CIVIL RIGHTS DEFENDERS	CIVIL RIGHTS DEFENDERS	128452220525979	Facebook	7	1	943	197	7	1
u55_64	unknown (55-64)	Svenska folkpartiet i Finland - RKP	Svenska folkpartiet i Finland - RKP	191883307265	Facebook	36	1	942	350	9	0
u55_64	unknown (55-64)	Cornwall for Europe	#ProjectHope	1066718423433441	Facebook	14	1	942	274	10	1
u55_64	unknown (55-64)	K-Supermarket		380462231997295	Facebook	6	1	941	410	18	4
u55_64	unknown (55-64)	Matteo Gazzini	Matteo Gazzini	204493693449796	Facebook	61	1	940	310	5	0
u55_64	unknown (55-64)	Go Climate Neutral	Go Climate Neutral	1797724450537743	Facebook	2	1	938	466	21	4
u55_64	unknown (55-64)	Unis pour les Droits Humains		1642871805813802	Facebook	26	1	937	314	1	0
u55_64	unknown (55-64)	Sean Kelly MEP		340786422717552	Facebook	52	1	934	346	9	0
u55_64	unknown (55-64)	Bath and North East Somerset Liberal Democrats	B&NES Liberal Democrats	200787523762475	Facebook	9	1	930	231	6	0
u55_64	unknown (55-64)	Matthew Evans PPC	Newport West Conservatives	1674322489513213	Facebook	14	1	930	241	19	2
u55_64	unknown (55-64)	Partido Por un Mundo más Justo · M+J	Partido Por un Mundo más Justo · M+J	147468905314265	Facebook	6	1	928	441	5	1
u55_64	unknown (55-64)	WWF-Belgium	WWF-Belgium	110844205773	Facebook	21	1	926	399	6	0
u55_64	unknown (55-64)	Banque mondiale		155174084508744	Facebook	69	1	926	268	3	0
u55_64	unknown (55-64)	Wera Hobhouse MP	Wera Hobhouse MP	420598411423796	Facebook	13	1	926	222	6	0
u55_64	unknown (55-64)	Νίκος Χουντής-Nikos Chountis		462603193829493	Facebook	39	1	925	262	4	0
u55_64	unknown (55-64)	Alex Agius Saliba	Alex Agius Saliba	656955664383156	Facebook	33	1	923	425	6	0
u55_64	unknown (55-64)	Neville Seed MEP	Neville Seed	2667430016617421	Facebook	7	1	918	216	10	1
u55_64	unknown (55-64)	The Bamboo Brush Society		1152885191422950	Facebook	51	1	918	356	4	0
u55_64	unknown (55-64)	Fish Need Water		109385252429828	Facebook	1	1	918	183	10	2
u55_64	unknown (55-64)	Tom Hunt	The Conservative Party	477429412753494	Facebook	55	1	916	234	54	1
u55_64	unknown (55-64)	Česká pirátská strana	Česká pirátská strana	109323929038	Facebook	54	1	915	330	3	0
u55_64	unknown (55-64)	Cllr Leslie Gamester Thurrock Independents	Les Gamester	1782881668658092	Facebook	34	1	913	175	24	0
u55_64	unknown (55-64)	ABF The Soldiers' Charity		271111041594	Facebook	2	1	913	445	5	1
u55_64	unknown (55-64)	OpinionHive		155353288468794	Facebook	6	1	907	180	8	1
u55_64	unknown (55-64)	Kirsten Johnson	North Devon Liberal Democrats	453504991463953	Facebook	8	1	904	180	8	1
u55_64	unknown (55-64)	MR - Mouvement Réformateur	MR - Mouvement Réformateur	236330169511	Facebook	14	1	902	330	6	1
u55_64	unknown (55-64)	European Movement UK	European Movement UK	290498754454402	Facebook	42	1	902	166	52	0
u55_64	unknown (55-64)	Woking Conservatives	Woking Conservative Association	175596232544607	Facebook	18	1	895	216	12	0
u55_64	unknown (55-64)	Vandebron		263935850440177	Facebook	10	1	895	366	6	1
u55_64	unknown (55-64)	Piia Kurki	Piia Kurki	270567833058986	Facebook	20	1	894	225	9	1
u55_64	unknown (55-64)	Wholesome Culture		1664959567149320	Facebook	7	1	887	401	2	0
u55_64	unknown (55-64)	Izquierda Unida	Izquierda Unida	74858103866	Facebook	14	1	885	383	3	1
u55_64	unknown (55-64)	UK-Cyprus Enterprise Council	UK-Cyprus Enterprise Council 	1837120569879342	Facebook	7	1	882	386	2	0
u55_64	unknown (55-64)	More Than A Score		1591920221104299	Facebook	6	1	869	341	5	0
u55_64	unknown (55-64)	Bas Eickhout	GroenLinks	208578955894331	Facebook	29	1	868	263	8	1
u55_64	unknown (55-64)	Enel Energia		1589410777971706	Facebook	5	1	867	390	8	1
u55_64	unknown (55-64)	MSZP	MSZP	115388925185513	Facebook	32	1	866	382	1	0
u55_64	unknown (55-64)	CD&V	CD&V	52997544531	Facebook	54	1	864	311	5	0
u55_64	unknown (55-64)	New Forest Liberal Democrats	New Forest Liberal Democrats	348029525405767	Facebook	9	1	863	203	16	2
u55_64	unknown (55-64)	Massimiliano Smeriglio	Massimiliano Smeriglio	182266801912488	Facebook	54	1	862	285	3	0
u55_64	unknown (55-64)	VoteWatch Europe		355087424564148	Facebook	5	1	861	385	2	0
u55_64	unknown (55-64)	Consommez Malin		2045469565728527	Facebook	28	1	858	170	16	2
u55_64	unknown (55-64)	Ida Schauman	Schauman Ida Emilia Axelsdotter	1449434138617787	Facebook	71	1	856	136	35	0
u55_64	unknown (55-64)	FPlus – nyhetstjänsten för företagsamma		130927360876045	Facebook	15	1	856	175	8	1
u55_64	unknown (55-64)	Festival Amnesty International Au Cinéma pour les Droits Humains		1263015460431177	Facebook	29	1	855	316	7	0
u55_64	unknown (55-64)	Vänsterpartiet	Vänsterpartiet	323156205347	Facebook	29	1	854	215	2	0
u55_64	unknown (55-64)	Greens/EFA in the European Parliament		150527751674751	Facebook	17	1	854	331	2	0
u55_64	unknown (55-64)	ActionAid Sweden	ActionAid Sweden	18880778360	Facebook	15	1	851	209	7	1
u55_64	unknown (55-64)	Annabel Tall	The Conservative Party	1670879486473010	Facebook	5	1	850	169	14	2
u55_64	unknown (55-64)	European Commission		107898832590939	Facebook	20	1	850	390	4	0
u55_64	unknown (55-64)	Julia Herr	Sozialistische Jugend Österreich	345172509462824	Facebook	22	1	848	324	11	2
u55_64	unknown (55-64)	Skegness Conservative Branch	the Conservative Party (Skegness Branch)	671263212917664	Facebook	6	1	846	169	9	1
u55_64	unknown (55-64)	Dan Kersch		231839814316073	Facebook	33	1	844	278	4	0
u55_64	unknown (55-64)	Brief.eco		550490141980385	Facebook	9	1	844	268	5	1
u55_64	unknown (55-64)	Evropski parlament Slovenija	Evropski parlament Slovenija	183314631692914	Facebook	77	1	843	234	6	0
u55_64	unknown (55-64)	Νότης Μαριάς, Ανεξάρτητος Ευρωβουλευτής		337788662974718	Facebook	21	1	842	299	1	0
u55_64	unknown (55-64)	Nicolai Wammen	Socialdemokratiet	1458354184437993	Facebook	36	1	842	268	8	1
u55_64	unknown (55-64)	Stockport For Europe	#ProjectHope	1498877030176201	Facebook	5	1	842	272	15	3
u55_64	unknown (55-64)	Berliner Stadtwerke	Berliner Stadtwerke	765844936882239	Facebook	30	1	839	231	8	1
u55_64	unknown (55-64)	NÁRODNÁ KOALÍCIA	NÁRODNÁ KOALÍCIA	145677979100505	Facebook	40	1	839	277	5	0
u55_64	unknown (55-64)	Save the Refugees		1931458237163388	Facebook	15	1	838	222	5	0
u55_64	unknown (55-64)	Cerveau & Psycho		212434006141	Facebook	9	1	838	167	5	0
u55_64	unknown (55-64)	Daydream Believers - Barnsley FC Film		351543495287992	Facebook	4	1	838	332	5	1
u55_64	unknown (55-64)	Petr Fiala	ODS - Občanská demokratická strana	487445514669670	Facebook	36	1	837	222	4	0
u55_64	unknown (55-64)	Vytenis Andriukaitis	Vytenis Andriukaitis	1651554231738028	Facebook	15	1	836	360	1	0
u55_64	unknown (55-64)	Labour East	The Labour Party	407402162736656	Facebook	17	1	834	326	24	6
u55_64	unknown (55-64)	Δημήτρης Παπαδημούλης	Dimitrios Papadimoulis	528797520505550	Facebook	14	1	826	241	3	0
u55_64	unknown (55-64)	Declic	Declic	686190454826244	Facebook	8	1	823	361	1	0
u55_64	unknown (55-64)	Marie Arena		109149719130331	Facebook	19	1	822	226	2	0
u55_64	unknown (55-64)	Plan International France		100707905881	Facebook	35	1	821	206	9	0
u55_64	unknown (55-64)	Stop Impôt		1538720933075616	Facebook	6	1	820	255	6	1
u55_64	unknown (55-64)	Neil McEvoy	Neil McEvoy	1538311623148335	Facebook	11	1	818	259	5	0
u55_64	unknown (55-64)	Sverigedemokraterna Malmö		167036616661188	Facebook	8	1	817	163	7	1
u55_64	unknown (55-64)	Mundo Sin Fronteras		764047283950662	Facebook	87	1	813	88	55	0
u55_64	unknown (55-64)	Enlysée		236570007032383	Facebook	22	1	812	221	11	0
u55_64	unknown (55-64)	East Sussex County Council		248361861866323	Facebook	3	1	812	340	2	0
u55_64	unknown (55-64)	HOPE not hate	HOPE not hate	91897231853	Facebook	7	1	811	296	9	1
u55_64	unknown (55-64)	eToro		193863317737	Facebook	16	1	811	326	1	0
u55_64	unknown (55-64)	Le racisme, vous valez mieux que ça		1858720887787052	Facebook	5	1	808	322	2	0
u55_64	unknown (55-64)	Slöseriombudsmannen	Skattebetalarna	408171019221426	Facebook	36	1	804	278	3	0
u55_64	unknown (55-64)	Antton Rönnholm	Rekilä Piia Annikki	575908612596562	Facebook	20	1	802	228	10	1
u55_64	unknown (55-64)	Unity	UK Unity	1962799397319693	Facebook	11	1	801	205	4	0
u55_64	unknown (55-64)	Reform Judaism in Israel		118714234854754	Facebook	17	1	800	253	7	1
u55_64	unknown (55-64)	Costas Mavrides - Κώστας Μαυρίδης	Costas Mavrides - Κώστας Μαυρίδης	197874087030899	Facebook	18	1	799	186	3	0
u55_64	unknown (55-64)	Robin Walker MP	The Conservative Party	1451563805111255	Facebook	19	1	799	155	15	2
u55_64	unknown (55-64)	Wedonthavetime.org		1374925102519271	Facebook	3	1	799	310	5	1
u55_64	unknown (55-64)	Capire il cambiamento climatico		340472676679938	Facebook	10	1	799	360	3	0
u55_64	unknown (55-64)	Ultra Premium Direct		241324402728111	Facebook	10	1	799	244	7	1
u55_64	unknown (55-64)	Mona Juul	Mona Juul	2079067062409423	Facebook	38	1	798	189	8	1
u55_64	unknown (55-64)	Lietuvos socialdemokratų partija - LSDP	Lietuvos socialdemokratų partija - LSDP	202360056491831	Facebook	35	1	798	314	1	0
u55_64	unknown (55-64)	Ingredientes que Suman		586540488142205	Facebook	12	1	795	358	2	0
u55_64	unknown (55-64)	Forza Italia		172265396249029	Facebook	10	1	794	297	5	1
u55_64	unknown (55-64)	Fabrizio Marrazzo		174478206566341	Facebook	46	1	793	230	3	0
u55_64	unknown (55-64)	LT konsult fastighetsservice		186325834774557	Facebook	13	1	789	168	7	1
u55_64	unknown (55-64)	Outofoffice.com		442691269183645	Facebook	2	1	789	394	4	0
u55_64	unknown (55-64)	Βασιλική Λαζαράκου	Βασιλική Λαζαράκου 	443842809693601	Facebook	11	1	788	310	2	0
u55_64	unknown (55-64)	Darlington Conservative Party	Darlington Conservative Party 	528125197395187	Facebook	39	1	786	155	20	0
u55_64	unknown (55-64)	Cleveland Liberal Democrats		1663355277261187	Facebook	15	1	786	178	17	0
u55_64	unknown (55-64)	European Parliament Office in Cyprus		205478755729	Facebook	5	1	781	283	2	0
u55_64	unknown (55-64)	SeeMore		1546319045688366	Facebook	1	1	778	389	4	2
u55_64	unknown (55-64)	AXA Research Fund		186009014776969	Facebook	1	1	778	311	0	0
u55_64	unknown (55-64)	Investor Live		2000281403570854	Facebook	3	1	778	155	4	0
u55_64	unknown (55-64)	Kinder in Gefahr - DVCK e.V.		556019341220640	Facebook	3	1	776	302	5	1
u55_64	unknown (55-64)	INBOX	New Digital Media	369693523475596	Facebook	23	1	768	318	0	0
u55_64	unknown (55-64)	Bradford Council	Bradford Council	145878302161029	Facebook	6	1	766	257	5	1
u55_64	unknown (55-64)	Dobrev Klára	Demokratikus Koalíció	1880809845328535	Facebook	46	1	765	296	1	0
u55_64	unknown (55-64)	Aboca		295129913955200	Facebook	50	1	764	180	2	0
u55_64	unknown (55-64)	Musée national de l'histoire de l'immigration		89756927592	Facebook	5	1	763	322	3	0
u55_64	unknown (55-64)	Mairie de Toulouse		118107084316	Facebook	2	1	758	302	1	0
u55_64	unknown (55-64)	Beavan 4 Suffolk	D Beavan Southwold LibDems	301436096943410	Facebook	13	1	755	276	11	0
u55_64	unknown (55-64)	Objetivo Mediterráneo		178884916351222	Facebook	38	1	755	36	59	0
u55_64	unknown (55-64)	ALDE - Partidul Alianta Liberalilor si Democratilor	EvolveDreamSoft	1445317929104549	Facebook	29	1	752	351	1	0
u55_64	unknown (55-64)	MEO		69209479569	Facebook	4	1	745	294	1	0
u55_64	unknown (55-64)	Peter Gibson For Darlington	The Conservative Party	265680680782145	Facebook	30	1	743	187	10	0
u55_64	unknown (55-64)	Marc Tierney, Carms West & South Pembs	Carms West & South Pembrokeshire Labour Party	734997656574635	Facebook	8	1	742	358	10	2
u55_64	unknown (55-64)	Welsh Labour	Welsh Labour	159670677391384	Facebook	9	1	735	236	13	2
u55_64	unknown (55-64)	AKEL Türkçe	ΑΚΕΛ - AKEL	811609932267686	Facebook	6	1	735	278	2	0
u55_64	unknown (55-64)	Mette Frederiksen	Socialdemokratiet	57497067718	Facebook	16	1	734	275	7	1
u55_64	unknown (55-64)	Prospect Magazine		160709211871	Facebook	1	1	734	367	8	4
u55_64	unknown (55-64)	WWF Suomi		119054448115588	Facebook	7	1	733	359	3	0
u55_64	unknown (55-64)	Taunton Deane Liberal Democrats	Taunton Deane Liberal Democrats	868639796596609	Facebook	43	1	732	159	12	0
u55_64	unknown (55-64)	Cllr Marius Gilmore	Maidenhead Conservative Association	507101363128352	Facebook	46	1	731	173	17	0
u55_64	unknown (55-64)	Unity News Network	Unity News Network	432832003805922	Facebook	11	1	731	173	9	0
u55_64	unknown (55-64)	Westmorland and Lonsdale Liberal Democrats	P Trollope [Election Agent] on behalf of the Liberal Democrats	725151761019350	Facebook	35	1	729	164	10	0
u55_64	unknown (55-64)	Paul Bristow	Conservatives	293864561226540	Facebook	25	1	728	91	46	0
u55_64	unknown (55-64)	Agence Française pour la Transition Energétique		1981871332106127	Facebook	13	1	726	307	2	0
u55_64	unknown (55-64)	Gelijke kansen - Egalité des chances		1757055917947545	Facebook	22	1	725	177	8	0
u55_64	unknown (55-64)	Νίκος Ανδρουλάκης	Νίκος Ανδρουλάκης	216089191899991	Facebook	22	1	724	286	2	0
u55_64	unknown (55-64)	Let's Inform You		249181338785758	Facebook	2	1	723	144	4	0
u55_64	unknown (55-64)	Councillor John Leech	Manchester Withington Liberal Democrats	281392347872	Facebook	10	1	722	152	7	1
u55_64	unknown (55-64)	Camilla Gunell till EU 2019		360575481205047	Facebook	14	1	719	150	5	0
u55_64	unknown (55-64)	Inimõiguste Instituut / Estonian Institute of Human Rights		144333745668266	Facebook	7	1	719	336	1	0
u55_64	unknown (55-64)	Mayor Kate Allsop - Manifesto and Election	Mayor Kate Allsop	320364355338661	Facebook	11	1	718	267	5	0
u55_64	unknown (55-64)	Liam Kerr MSP	The Scottish Parliament	1622002998121205	Facebook	7	1	717	143	8	1
u55_64	unknown (55-64)	RMDSZ	RMDSZ	102601499822802	Facebook	103	1	714	216	1	0
u55_64	unknown (55-64)	Mike Hookem MEP	Mike Hookem MEP	628368003989904	Facebook	11	1	714	184	3	0
u55_64	unknown (55-64)	Un citoyen 2019		415805709187581	Facebook	6	1	713	273	13	2
u55_64	unknown (55-64)	Ministerie van Binnenlandse Zaken en Koninkrijksrelaties	Ministerie van Binnenlandse Zaken en Koninkrijksrelaties	326441484085577	Facebook	6	1	712	293	3	0
u55_64	unknown (55-64)	Fundação Calouste Gulbenkian		49386033906	Facebook	1	1	711	356	0	0
u55_64	unknown (55-64)	merrionstreet.ie		116635611711738	Facebook	2	1	710	355	2	0
u55_64	unknown (55-64)	MmosWorld		1262271977168621	Facebook	3	1	710	355	0	0
u55_64	unknown (55-64)	Danke, Freihandel.	VDMA	226651401514704	Facebook	93	1	708	171	7	0
u55_64	unknown (55-64)	Touche pas à ma planète		2174582836142717	Facebook	23	1	706	131	12	0
u55_64	unknown (55-64)	Azil u Srbiji - Centar za zaštitu i pomoć tražiocima azila		181548432005007	Facebook	11	1	704	170	4	0
u55_64	unknown (55-64)	Chuka Umunna	Chuka Umunna	22625199708	Facebook	5	1	704	179	8	1
u55_64	unknown (55-64)	Partito del Socialismo Europeo	Partito del Socialismo Europeo	1891926127734235	Facebook	30	1	703	189	1	0
u55_64	unknown (55-64)	Anna Maria Corazza Bildt		69490331421	Facebook	20	1	703	183	8	2
u55_64	unknown (55-64)	Diskrimineringsombudsmannen		237952092910326	Facebook	3	1	702	297	3	0
u55_64	unknown (55-64)	Spicee		1541412079456514	Facebook	14	1	700	146	2	0
u55_64	unknown (55-64)	Jeppe Kofod	Socialdemokratiet	137685999659722	Facebook	31	1	698	163	3	0
u55_64	unknown (55-64)	Trade Deal Watch	Trade Deal Watch	1319435198084792	Facebook	5	1	698	153	9	1
u55_64	unknown (55-64)	Solkraft Sverige		1531207330504867	Facebook	24	1	698	146	7	1
u55_64	unknown (55-64)	Δημήτρης Καιρίδης-Dimitris Kairidis	Dimitrios Kairidis	165710610795923	Facebook	10	1	696	226	1	0
u55_64	unknown (55-64)	Cllr Phil North	Cllr Phil North	354631794641366	Facebook	20	1	696	165	4	0
u55_64	unknown (55-64)	Comment placer mon argent		2070600249840562	Facebook	4	1	695	319	3	1
u55_64	unknown (55-64)	Valmyndigheten		1737852076287450	Facebook	1	1	694	277	6	1
u55_64	unknown (55-64)	Reignite	Reignite	702922223165890	Facebook	1	1	693	346	4	2
u55_64	unknown (55-64)	Online Trading Academy		328255550563255	Facebook	11	1	693	168	19	5
u55_64	unknown (55-64)	Romana Tomc		1025408990823719	Facebook	22	1	692	156	1	0
u55_64	unknown (55-64)	Department of Foreign Affairs and Trade		449282445418073	Facebook	1	1	687	275	6	1
u55_64	unknown (55-64)	France Parrainages		449003618508780	Facebook	10	1	687	146	7	0
u55_64	unknown (55-64)	HLAS	První prezidentská	320144481956623	Facebook	48	1	685	184	2	0
u55_64	unknown (55-64)	Waverley Liberal Democrats	Terence Patrick Weldon	1011476312239991	Facebook	15	1	684	188	15	0
u55_64	unknown (55-64)	Sirpa Pietikäinen	Sirpa Pietikäinen	140188405326	Facebook	3	1	683	136	6	1
u55_64	unknown (55-64)	Nicola Danti		241424056063716	Facebook	45	1	681	210	3	0
u55_64	unknown (55-64)	Pro Life Campaign Ireland		224615650378	Facebook	4	1	681	330	4	1
u55_64	unknown (55-64)	Αντωνιάδου Αθηνά	Αθηνα Αντωνιαδου	2058682324431724	Facebook	57	1	679	151	9	0
u55_64	unknown (55-64)	VitaliBox		553738721659180	Facebook	35	1	679	107	28	0
u55_64	unknown (55-64)	Oatly		592188124467085	Facebook	1	1	679	340	0	0
u55_64	unknown (55-64)	Operation Smile Sverige	Operation Smile Sverige	161213770567846	Facebook	6	1	678	135	5	1
u55_64	unknown (55-64)	Accademia Perosi		355899761109377	Facebook	11	1	677	315	4	0
u55_64	unknown (55-64)	John Flack MEP	John Flack MEP	1741692289192446	Facebook	10	1	674	147	8	1
u55_64	unknown (55-64)	Sold Faster Homes		708964509468916	Facebook	17	1	674	19	68	0
u55_64	unknown (55-64)	Vauxhall for a People's Vote	Vauxhall for a People's Vote	1250023018486398	Facebook	9	1	672	144	5	0
u55_64	unknown (55-64)	Anne Rabbitte TD	Rabbitte Anne Marie	1426461550915658	Facebook	7	1	671	256	1	0
u55_64	unknown (55-64)	Claus Hasselmanns - Folketingskandidat		611297145887529	Facebook	19	1	671	200	4	0
u55_64	unknown (55-64)	Unison East Midlands	UNISON Campaign Fund	1596892363866504	Facebook	6	1	670	254	7	0
u55_64	unknown (55-64)	Røde Kors		65929129383	Facebook	9	1	668	201	8	2
u55_64	unknown (55-64)	Medborgerlig Samling	Medborgerlig Samling	189332844828330	Facebook	7	1	668	143	6	1
u55_64	unknown (55-64)	Forum för levande historia		234172635050	Facebook	6	1	666	248	2	0
u55_64	unknown (55-64)	Marc Lejeune - 3ème au CDH à la Région	Marc Jean-Marie P Lejeune	1115141181990895	Facebook	40	1	665	131	6	0
u55_64	unknown (55-64)	Miriam Cates	The Conservative Party	349846382192653	Facebook	8	1	665	310	2	0
u55_64	unknown (55-64)	Party of European Socialists	Party of European Socialists	148097975226385	Facebook	53	1	664	190	3	0
u55_64	unknown (55-64)	Sozialdemokratische Partei Europas	Sozialdemokratische Partei Europas	338549033673221	Facebook	42	1	663	217	2	0
u55_64	unknown (55-64)	Slovenská národná strana	Slovenská národná strana	121130481252381	Facebook	38	1	659	257	3	0
u55_64	unknown (55-64)	South Dorset Labour Party	South Dorset Labour Party	124868430869637	Facebook	49	1	657	103	27	0
u55_64	unknown (55-64)	Emma Wiesner		653072158104424	Facebook	51	1	655	180	7	1
u55_64	unknown (55-64)	Den Blå Planet		167018996755220	Facebook	8	1	655	233	3	0
u55_64	unknown (55-64)	Scottish Conservatives	the Scottish Conservative and Unionist Party	136308776480	Facebook	3	1	653	245	14	2
u55_64	unknown (55-64)	LMP - Lehet Más a Politika	LMP - Lehet Más a Politika	47198507012	Facebook	49	1	652	236	1	0
u55_64	unknown (55-64)	Strana nezávislosti České republiky	Strana nezávislosti České republiky	1199083776860090	Facebook	27	1	651	243	1	0
u55_64	unknown (55-64)	World Surf League		81269622057	Facebook	2	1	650	260	0	0
u55_64	unknown (55-64)	Saoirse McHugh for MEP	Green Party Ireland	2242183922693730	Facebook	10	1	649	145	1	0
u55_64	unknown (55-64)	Skiftet	Skiftet	100650935646	Facebook	10	1	645	158	4	1
u55_64	unknown (55-64)	The National Assembly for Wales	Cynulliad Cenedlaethol Cymru | National Assembly for Wales	88236679583	Facebook	7	1	645	155	6	0
u55_64	unknown (55-64)	Valter Flego	Valter Flego	441675022557503	Facebook	33	1	644	146	1	0
u55_64	unknown (55-64)	Steen Holm Iversen	Steen Holm Iversen	301279783370957	Facebook	21	1	644	221	7	2
u55_64	unknown (55-64)	Stadt Wien	Stadt Wien	110971788921077	Facebook	11	1	643	184	4	0
u55_64	unknown (55-64)	Frank Psaila		458318884361628	Facebook	51	1	642	179	4	0
u55_64	unknown (55-64)	All Out		169042736456594	Facebook	7	1	642	156	9	1
u55_64	unknown (55-64)	CDU CSU Europa	CDU/CSU-Gruppe in der EVP-Fraktion im Europäischen Parlament	1790920000965539	Facebook	45	1	641	206	6	0
u55_64	unknown (55-64)	Στέλιος Κυμπουρόπουλος	Στέλιος Κυμπουρόπουλος	323456224972682	Facebook	30	1	640	218	1	0
u55_64	unknown (55-64)	Stiftelsen Expo	Stiftelsen Expo	208751565805849	Facebook	8	1	638	214	2	0
u55_64	unknown (55-64)	Paris Première		140770432659757	Facebook	3	1	638	319	2	0
u55_64	unknown (55-64)	Alberto Garzón Espinosa	Izquierda Unida	180609005365213	Facebook	12	1	635	279	5	1
u55_64	unknown (55-64)	Mindbody Breakthrough - Anxiety Panic Disorders Recovery		368421726584093	Facebook	7	1	635	159	9	1
u55_64	unknown (55-64)	Antonio Tajani	Antonio Tajani	506531149512596	Facebook	36	1	632	207	2	0
u55_64	unknown (55-64)	Friedrich-Naumann-Stiftung für die Freiheit		140889782312	Facebook	13	1	632	185	4	0
u55_64	unknown (55-64)	Δημιουργία Ξανά	Δημιουργία Ξανά	226397774096827	Facebook	44	1	631	147	7	0
u55_64	unknown (55-64)	Matilda af Hällström	af Hällström Matilda Linnea Alice	430195364409025	Facebook	8	1	630	125	2	0
u55_64	unknown (55-64)	Chichester Liberal Democrats	Chichester Liberal Democrats	486629864706816	Facebook	21	1	630	129	10	0
u55_64	unknown (55-64)	Elsi Katainen		190042298268350	Facebook	31	1	628	139	9	0
u55_64	unknown (55-64)	David Stellini	David Stellini	1911257335785088	Facebook	8	1	628	283	1	0
u55_64	unknown (55-64)	Kommunistiska Partiet	Kommunistiska Partiet	152953178070559	Facebook	4	1	626	125	3	0
u55_64	unknown (55-64)	Canterbury Labour Party	The Labour Party. Promoted by Julia Seath on behalf of Canterbury Labour Party, both of 12 Belmont Road, Whitstable, CT5 1QP	386752004789933	Facebook	31	1	626	183	13	1
u55_64	unknown (55-64)	Angelo Ciocca	Angelo Ciocca	479212098810360	Facebook	24	1	623	250	2	0
u55_64	unknown (55-64)	En grønnere planet		301647537160818	Facebook	30	1	622	175	6	1
u55_64	unknown (55-64)	smava		139818439366989	Facebook	14	1	622	308	3	0
u55_64	unknown (55-64)	Amnesty International Danmark	Amnesty International Danmark	36664432940	Facebook	17	1	621	143	7	1
u55_64	unknown (55-64)	Michela Giuffrida		656848937718109	Facebook	31	1	621	191	2	0
u55_64	unknown (55-64)	Wydawnictwo AGORA		336438736394843	Facebook	7	1	621	287	0	0
u55_64	unknown (55-64)	Oxfam		201612129410	Facebook	4	1	619	305	3	1
u55_64	unknown (55-64)	Podem Illes Balears	Podem Illes Balears	779897522101509	Facebook	20	1	618	169	3	0
u55_64	unknown (55-64)	Eclectica		1379977375431894	Facebook	1	1	618	309	2	0
u55_64	unknown (55-64)	Morten Østergaard	Radikale Venstre	252520351444054	Facebook	17	1	616	133	5	1
u55_64	unknown (55-64)	Karen Davis - Labour Parliamentary Candidate for Norwich North	The Labour Party. Promoted by Alan Pawsey on behalf of Karen Davis	1832745490348655	Facebook	19	1	613	150	16	0
u55_64	unknown (55-64)	Canopée		358478628257486	Facebook	6	1	612	246	2	0
u55_64	unknown (55-64)	Charlotte Munch - Politiker		210317432480139	Facebook	32	1	610	142	3	0
u55_64	unknown (55-64)	Newry, Mourne and Down District Council		740037796093669	Facebook	1	1	610	244	1	0
u55_64	unknown (55-64)	The Charity for Civil Servants		216978845071240	Facebook	4	1	608	239	13	2
u55_64	unknown (55-64)	Cynulliad Cenedlaethol Cymru	The National Assembly for Wales	124085099960	Facebook	8	1	607	127	7	0
u55_64	unknown (55-64)	Jamie Smart	Clarity Academy Ltd	48465776527	Facebook	3	1	606	218	2	0
u55_64	unknown (55-64)	The Bambooster		230034544330013	Facebook	2	1	606	242	0	0
u55_64	unknown (55-64)	Iain Stewart MP	The Conservative Party	550112551788526	Facebook	6	1	605	123	7	1
u55_64	unknown (55-64)	PolEXIT		2001582129931761	Facebook	16	1	604	230	1	0
u55_64	unknown (55-64)	Simple Feast		571176036346620	Facebook	23	1	603	136	8	1
u55_64	unknown (55-64)	Paddy Power		108803784913	Facebook	2	1	603	241	6	1
u55_64	unknown (55-64)	Zetland	Zetland	341299649231023	Facebook	17	1	601	220	1	0
u55_64	unknown (55-64)	Greenpeace Magyarország		35634348348	Facebook	42	1	600	195	1	0
u55_64	unknown (55-64)	Compassion in World Farming	 Compassion in World Farming	10499876484	Facebook	8	1	599	133	3	0
u55_64	unknown (55-64)	Jonny Woo		543567905760192	Facebook	2	1	598	119	1	0
u55_64	unknown (55-64)	J-TV: Jewish Ideas. Global Relevance.	Your Channel Media 	137764276558903	Facebook	4	1	597	269	3	0
u55_64	unknown (55-64)	Jacob Mark	SF	69985338410	Facebook	23	1	596	164	5	1
u55_64	unknown (55-64)	George Simion		2212856535602171	Facebook	20	1	596	241	1	0
u55_64	unknown (55-64)	Oatly		214112085661044	Facebook	4	1	596	239	3	0
u55_64	unknown (55-64)	Wirtschaftskammer		125946327466544	Facebook	60	1	595	145	10	0
u55_64	unknown (55-64)	DigitalOcean		149515305173840	Facebook	3	1	595	287	3	0
u55_64	unknown (55-64)	Newcastle Conservatives	Newcastle Conservatives	135805456482451	Facebook	15	1	594	123	15	0
u55_64	unknown (55-64)	Telford Labour Party	Telford & Wrekin Labour Party	1150499354969964	Facebook	15	1	593	143	6	0
u55_64	unknown (55-64)	Mike Freer MP	Finchley and Golders Green Conservatives	200214566704189	Facebook	3	1	593	118	6	1
u55_64	unknown (55-64)	Nicos Tornaritis - Νίκος Τορναρίτης	Nicos Tornaritis - Νίκος Τορναρίτης	115653995162093	Facebook	20	1	591	142	1	0
u55_64	unknown (55-64)	Cllrs Karen Walker and Sarah Bevan	Karen Walker and Sarah Bevan	1358067560978443	Facebook	19	1	591	116	8	0
u55_64	unknown (55-64)	Property118.com		193898253979207	Facebook	1	1	590	118	6	1
u55_64	unknown (55-64)	SDS - Slovenska demokratska stranka	SDS - Slovenska demokratska stranka	30790585231	Facebook	30	1	589	196	4	0
u55_64	unknown (55-64)	Alison MacCorquodale for the Western Isles	The Scottish Labour. Promoted by Alison MacCorquodale on behalf of Alison MacCorquodale	185599342272063	Facebook	3	1	588	117	6	1
u55_64	unknown (55-64)	Bath for Europe	#ProjectHope	341079676234366	Facebook	3	1	587	293	12	2
u55_64	unknown (55-64)	Verband der Chemischen Industrie e.V.	Chemie Wirtschaftsförderungs GmbH	921326477983554	Facebook	84	1	587	91	35	0
u55_64	unknown (55-64)	City of Chester Conservatives	City of Chester Conservatives	1330632286968061	Facebook	15	1	585	256	5	1
u55_64	unknown (55-64)	Pamela Rendi-Wagner	SPÖ-Parlamentsklub	1673371229636129	Facebook	49	1	584	164	4	0
u55_64	unknown (55-64)	Nick Zimmermann - Dansk Folkeparti	Zimmermann Nick	331034483992282	Facebook	42	1	583	180	5	2
u55_64	unknown (55-64)	Europe Together		140105536131109	Facebook	3	1	583	289	3	0
u55_64	unknown (55-64)	Jack Brereton MP	Stoke-on-Trent South Conservatives	1848473425410239	Facebook	6	1	583	116	6	1
u55_64	unknown (55-64)	Shaun Bailey	London Conservatives	6598574226	Facebook	3	1	583	291	29	5
u55_64	unknown (55-64)	Kim Snape for South Ribble	The Labour Party	1695605500459281	Facebook	5	1	582	125	5	1
u55_64	unknown (55-64)	Watford Liberal Democrats	Watford Liberal Democrats 	750008315035564	Facebook	17	1	582	126	7	0
u55_64	unknown (55-64)	Henrik Wickström	Wickström 2019	448116415229902	Facebook	25	1	581	127	8	0
u55_64	unknown (55-64)	Petri Sarvamaa	Petri Sarvamaa	164624737027350	Facebook	13	1	581	129	6	0
u55_64	unknown (55-64)	Plymouth Labour	Plymouth Labour Party	142432831702	Facebook	13	1	581	136	3	0
u55_64	unknown (55-64)	UNRWA España		105664031745	Facebook	64	1	581	83	32	0
u55_64	unknown (55-64)	Guy Opperman MP	Guy Opperman MP	749047081829001	Facebook	13	1	580	122	8	0
u55_64	unknown (55-64)	International Fund for Animal Welfare - IFAW	International Fund for Animal Welfare (IFAW)	353224381469808	Facebook	5	1	578	114	6	1
u55_64	unknown (55-64)	Standpoint		307871675956088	Facebook	2	1	578	115	6	1
u55_64	unknown (55-64)	Bristol & South Gloucestershire Conservatives	Bristol & South Gloucestershire Conservatives 	226186737535800	Facebook	28	1	577	161	16	0
u55_64	unknown (55-64)	Morten Helveg Petersen		442403485851495	Facebook	4	1	574	114	5	1
u55_64	unknown (55-64)	Greenpeace Polska		32104614789	Facebook	22	1	574	233	1	0
u55_64	unknown (55-64)	Simonstone Hall Hotel		147369525300249	Facebook	1	1	574	287	3	0
u55_64	unknown (55-64)	Western University		7616007794	Facebook	6	1	574	272	1	0
u55_64	unknown (55-64)	Brighton & Hove Labour Group	The Labour Party, Brighton & Hove	216177405094031	Facebook	3	1	573	127	6	1
u55_64	unknown (55-64)	Biteback Publishing		162886884671	Facebook	5	1	571	112	6	0
u55_64	unknown (55-64)	Bart De Wever		24079407056	Facebook	2	1	570	228	5	1
u55_64	unknown (55-64)	Cambridge Liberal Democrats	Cambridge Liberal Democrats	503548642999414	Facebook	12	1	568	144	10	0
u55_64	unknown (55-64)	EAJ-PNV	EAJ-PNV	26830001203	Facebook	30	1	567	208	4	0
u55_64	unknown (55-64)	Adesso Basta		1062452300584762	Facebook	2	1	564	282	2	0
u55_64	unknown (55-64)	Dr Sannas		432084333637525	Facebook	10	1	563	145	6	1
u55_64	unknown (55-64)	John Hunt	John Hunt	617286011771768	Facebook	10	1	561	121	3	0
u55_64	unknown (55-64)	Ivan ŠTEFANEC		324560137683033	Facebook	24	1	560	232	2	0
u55_64	unknown (55-64)	Eastern Region Green Party	Eastern Region Green Party 	1635570190048987	Facebook	7	1	560	136	9	1
u55_64	unknown (55-64)	Reasons2Remain	Reasons2Remain	123798281312883	Facebook	3	1	560	112	1	0
u55_64	unknown (55-64)	Holiday Extras	Holiday Extras	167898406587045	Facebook	3	1	559	112	6	1
u55_64	unknown (55-64)	Christian Leysen	Christian Leysen	403864600161608	Facebook	12	1	557	195	13	2
u55_64	unknown (55-64)	Gianni Carofano for Mayor of Bedford	Gianni Carofano	130630670997572	Facebook	23	1	557	196	5	0
u55_64	unknown (55-64)	Tendring District Council	William James Lodge	173152023518465	Facebook	4	1	557	116	6	1
u55_64	unknown (55-64)	Nikolaj Bøgh	Nikolaj Bøgh	674034729594774	Facebook	15	1	555	155	4	0
u55_64	unknown (55-64)	Stephen Lloyd MP	Stephen Lloyd MP	1632026600406302	Facebook	30	1	555	141	7	0
u55_64	unknown (55-64)	Vi-skogen		356032977210	Facebook	1	1	554	277	1	0
u55_64	unknown (55-64)	Carlo Calenda	Siamo Europei	131887960826264	Facebook	5	1	553	239	4	0
u55_64	unknown (55-64)	VidaCaixa		449770021896293	Facebook	1	1	553	221	0	0
u55_64	unknown (55-64)	Karina Lorentzen Dehnhardt	Dehnhardt Karina Lorentzen	116061635098137	Facebook	14	1	551	168	2	0
u55_64	unknown (55-64)	Broxtowe Labour	Broxtowe Constituency Labour Party	323132217860227	Facebook	30	1	550	112	6	0
u55_64	unknown (55-64)	Guy Verhofstadt		99985820015	Facebook	2	1	550	210	1	0
u55_64	unknown (55-64)	Michael  O'Dowd for Europe	O'Dowd Michael Joseph	878147035569806	Facebook	10	1	549	111	2	0
u55_64	unknown (55-64)	The Jewish Leadership Council	The Jewish Leadership Council	117103555036195	Facebook	7	1	549	146	13	2
u55_64	unknown (55-64)	Conor Burns	Conor Burns MP	755981037856291	Facebook	11	1	549	154	6	0
u55_64	unknown (55-64)	Clean Brexit Cymru - The Grassroots Campaign	Centre for Welsh Studies	531522160687730	Facebook	5	1	549	265	3	0
u55_64	unknown (55-64)	Wolfram Pirchner	Österreichischer Seniorenbund	296676857050295	Facebook	10	1	547	200	9	1
u55_64	unknown (55-64)	Centerpartiet Falun		417315481625315	Facebook	4	1	547	122	3	0
u55_64	unknown (55-64)	Μαρία Σπυράκη		657782574275153	Facebook	21	1	546	180	1	0
u55_64	unknown (55-64)	Satronik - Pompy Ciepła		276627982527247	Facebook	6	1	545	224	0	0
u55_64	unknown (55-64)	Ιωάννης Σγουρός	Ιωαννης Σγουρος	1401098180146606	Facebook	12	1	543	199	1	0
u55_64	unknown (55-64)	Ramblers Scotland	Ramblers Scotland	136198803072713	Facebook	8	1	543	116	1	0
u55_64	unknown (55-64)	World Jewish Congress		130945114804	Facebook	1	1	543	272	1	0
u55_64	unknown (55-64)	déi gréng	déi gréng	21710789873	Facebook	9	1	542	180	2	0
u55_64	unknown (55-64)	Κατερινα Μαρκου		832766380123763	Facebook	13	1	542	214	0	0
u55_64	unknown (55-64)	Harri Salonen		610646839145678	Facebook	30	1	542	142	8	0
u55_64	unknown (55-64)	Sutton Conservatives	Sutton Conservatives	1796668280595377	Facebook	2	1	542	136	6	1
u55_64	unknown (55-64)	Ruža Tomašić		1434305366791182	Facebook	37	1	541	145	1	0
u55_64	unknown (55-64)	Positive Money Europe		454544301251419	Facebook	4	1	541	119	4	0
u55_64	unknown (55-64)	Bing Bunny	Acamar Films	592801747408318	Facebook	2	1	538	261	3	0
u55_64	unknown (55-64)	Farnley and Wortley Labour	Matt Gibson	114161232550405	Facebook	24	1	538	151	4	0
u55_64	unknown (55-64)	Protege tu ropa		347783716078080	Facebook	49	1	538	136	13	0
u55_64	unknown (55-64)	Blackpool Labour	Blackpool Labour	1080519848626290	Facebook	7	1	537	141	6	1
u55_64	unknown (55-64)	Leeds for Europe	#ProjectHope	917165865086037	Facebook	6	1	537	237	3	0
u55_64	unknown (55-64)	Ibiza Farm		1629229957352206	Facebook	5	1	537	226	0	0
u55_64	unknown (55-64)	Council of the European Union		147547541961576	Facebook	8	1	536	112	2	0
u55_64	unknown (55-64)	David Pinto-Duschinsky for Hendon	The London Labour Party. 	437468390068879	Facebook	10	1	536	117	7	1
u55_64	unknown (55-64)	FT Content Solutions		1220981994590364	Facebook	10	1	534	150	3	0
u55_64	unknown (55-64)	Quotes		1881150392198555	Facebook	2	1	534	254	0	0
u55_64	unknown (55-64)	Akcja Demokracja		277892342334350	Facebook	18	1	533	118	1	0
u55_64	unknown (55-64)	Romania #nuepsd	Future Innovation	293215748279337	Facebook	32	1	533	241	0	0
u55_64	unknown (55-64)	Care4Calais	Care4Calais	1046117708754519	Facebook	6	1	533	108	2	0
u55_64	unknown (55-64)	Héctor Illueca Ballester	Unidas Podemos	267663367485459	Facebook	17	1	533	120	3	0
u55_64	unknown (55-64)	Alex Rowley MSP	Alex Rowley MSP	1463126643980071	Facebook	24	1	531	145	5	0
u55_64	unknown (55-64)	Página Miguel Viegas		194651341130667	Facebook	13	1	531	199	1	0
u55_64	unknown (55-64)	Evropa společně	Evropa společně	535611970260854	Facebook	43	1	530	163	2	0
u55_64	unknown (55-64)	Άρης Βρούστης		467783713352058	Facebook	2	1	530	210	0	0
u55_64	unknown (55-64)	Respeto LGTB		2315084548728652	Facebook	61	1	530	131	17	0
u55_64	unknown (55-64)	Βίκυ Φλέσσα -Vicky Flessa	Pulse and Opinion S.A.	344396292816360	Facebook	7	1	529	148	2	0
u55_64	unknown (55-64)	Stand up for Labour	Stand up for Labour	303555696343182	Facebook	18	1	529	167	9	0
u55_64	unknown (55-64)	UK Government Scotland		159100234275780	Facebook	2	1	529	264	2	0
u55_64	unknown (55-64)	Σπύρος Ριζόπουλος	Spyridon Rizopoulos	2127727860849871	Facebook	33	1	528	138	1	0
u55_64	unknown (55-64)	Tomáš Zdechovský		275042429350706	Facebook	20	1	528	235	2	0
u55_64	unknown (55-64)	Keskusta	Suomen Keskusta	55312855747	Facebook	25	1	528	131	2	0
u55_64	unknown (55-64)	Λευτέρης Χριστοφόρου - Lefteris Christoforou		832972046731724	Facebook	30	1	527	110	3	0
u55_64	unknown (55-64)	West Mercia PCC	West Mercia Police and Crime Commissioner	1569628153271237	Facebook	3	1	527	194	2	0
u55_64	unknown (55-64)	Svenskt Näringsliv		90882504375	Facebook	2	1	526	105	2	0
u55_64	unknown (55-64)	Fiat Professional France		346353942508593	Facebook	3	1	526	211	5	1
u55_64	unknown (55-64)	Udo Bullmann		68936775929	Facebook	28	1	525	193	3	0
u55_64	unknown (55-64)	L'Agence pour l'Énergie		465425373946253	Facebook	7	1	525	186	4	1
u55_64	unknown (55-64)	ÖGPP - Österr. Gesellschaft für Politikberatung und Politikentwicklung		345168305518984	Facebook	15	1	525	217	4	0
u55_64	unknown (55-64)	Gitanas Nausėda	Gitanas Nausėda	684534791927883	Facebook	41	1	524	167	1	0
u55_64	unknown (55-64)	Westhoughton Life	Martyn Cox	1331606100266908	Facebook	40	1	523	103	12	0
u55_64	unknown (55-64)	Johan Van Overtveldt		275607285891320	Facebook	11	1	522	201	3	0
u55_64	unknown (55-64)	Silvia Dinică		1128229287275038	Facebook	14	1	522	208	0	0
u55_64	unknown (55-64)	Mette Thiesen	Mette Thiesen	718327901589937	Facebook	27	1	521	126	5	1
u55_64	unknown (55-64)	Yrkesdörren		1047016558650888	Facebook	6	1	521	120	4	1
u55_64	unknown (55-64)	Lee Cartwright - VAPP	Lee Cartwright - VAPP	722202721494206	Facebook	16	1	520	119	6	0
u55_64	unknown (55-64)	Γιώργος Σταύρος Κρεμλής - Υποψήφιος Ευρωβουλευτής		548959368535123	Facebook	44	1	519	133	5	0
u55_64	unknown (55-64)	Liberalerna Stockholm	Liberalerna Stockholm	682180208473039	Facebook	19	1	518	77	5	0
u55_64	unknown (55-64)	Thanet Liberal Democrats	Angela Curwen on behalf of East Kent Coast and Thanet Liberal Democrats	1661739597387893	Facebook	11	1	518	169	5	0
u55_64	unknown (55-64)	Europa-Parlamentet i Danmark	Europa-Parlamentet i Danmark	128700897207990	Facebook	30	1	517	143	4	0
u55_64	unknown (55-64)	Union of Cypriots - Kıbrıslılar Birliği - Ένωσις Κυπρίων		2000341880290773	Facebook	6	1	516	118	0	0
u55_64	unknown (55-64)	Moderaterna i Järfälla	Moderaterna i Järfälla	443813509046190	Facebook	7	1	514	109	5	1
u55_64	unknown (55-64)	Trafford Labour	The Labour Party	116924368369455	Facebook	12	1	514	117	6	0
u55_64	unknown (55-64)	Eurooppalainen Suomi ry	Eurooppalainen Suomi ry	163903613685550	Facebook	9	1	514	117	5	0
u55_64	unknown (55-64)	Lancaster Labour Party	Nathan Neil Burns	185901934916297	Facebook	15	1	513	114	7	0
u55_64	unknown (55-64)	North Yorkshire for Europe	#ProjectHope	355948888228233	Facebook	3	1	513	186	6	2
u55_64	unknown (55-64)	Työehtoshoppailu		1602354766564898	Facebook	1	1	513	256	12	2
u55_64	unknown (55-64)	L'affaire climat	Affaire Climat asbl	874181082603060	Facebook	12	1	512	161	3	0
u55_64	unknown (55-64)	SPOLU - občianska demokracia	SPOLU - občianska demokracia	1057020590987528	Facebook	63	1	511	145	5	0
u55_64	unknown (55-64)	Dipartimento per le politiche giovanili e il servizio civile universale – Presidenza del Consiglio dei Ministri	Dipartimento per le politiche giovanili e il servizio civile universale – Presidenza del Consiglio dei Ministri	353868374653514	Facebook	3	1	510	230	0	0
u55_64	unknown (55-64)	Δρ. ΕΛΕΝΗ ΘΕΟΧΑΡΟΥΣ - Dr. ELENI THEOCHAROUS		46620712083	Facebook	21	1	507	108	2	0
u55_64	unknown (55-64)	Incredible fun monkey		109442489759055	Facebook	3	1	507	147	4	0
u55_64	unknown (55-64)	Haven House Children's Hospice		413811465330330	Facebook	1	1	505	101	0	0
u55_64	unknown (55-64)	Στηρίζουμε Μαρίνο Κλεάνθους για την Ευρωβουλή		831939610501208	Facebook	15	1	504	193	1	0
u55_64	unknown (55-64)	Lauri Kaira		619118744885450	Facebook	5	1	504	100	5	0
u55_64	unknown (55-64)	Νικόλας Παπαδόπουλος	Μανωλης Κυριακου	998046016880140	Facebook	26	1	503	117	2	0
u55_64	unknown (55-64)	Survation	Survation Ltd	132208120135699	Facebook	4	1	503	120	3	0
u55_64	unknown (55-64)	Elvis & Kresse		203332156348921	Facebook	3	1	501	179	5	2
u55_64	unknown (55-64)	Partido Socialista Europeu	Partido Socialista Europeu	126509981274614	Facebook	40	1	500	192	1	0
u55_64	unknown (55-64)	Conservative Progress	Conservative Progress Ltd	809069802526148	Facebook	4	1	500	111	2	0
u55_64	unknown (55-64)	PestiSracok.hu	PestiSrácok.hu	264517713636590	Facebook	24	1	499	120	1	0
u55_64	unknown (55-64)	Laura Lindahl	Laura Lindahl	504310436316194	Facebook	28	1	499	133	6	1
u55_64	unknown (55-64)	Unite the union	Unite the union	175584152579855	Facebook	1	1	499	99	5	1
u55_64	unknown (55-64)	Charlotte Holloway for Plymouth Moor View	Plymouth Labour	122063008481777	Facebook	10	1	499	121	2	0
u55_64	unknown (55-64)	Uplift - People Powered Change		214697488711000	Facebook	5	1	499	109	1	0
u55_64	unknown (55-64)	Rättighetscentrum Norrbotten		154313704727539	Facebook	2	1	499	198	2	0
u55_64	unknown (55-64)	CFER		305254440031170	Facebook	5	1	498	211	20	4
u55_64	unknown (55-64)	Kim Edberg Andersen	Kim Edberg Andersen-Kristoffersen	533374726861312	Facebook	30	1	496	147	4	0
u55_64	unknown (55-64)	SNE		1703448029710053	Facebook	4	1	496	248	11	2
u55_64	unknown (55-64)	Roland Utbult		124683600889658	Facebook	6	1	496	176	4	1
u55_64	unknown (55-64)	Rina Ronja Kari	Rina Ronja Kari	41763808759	Facebook	9	1	495	183	1	0
u55_64	unknown (55-64)	Belinda Loveluck-Edwards Labour	Welsh Labour	1657123517714893	Facebook	3	1	493	161	5	1
u55_64	unknown (55-64)	Newcastle Helix	Newcastle Helix	1688486871233759	Facebook	6	1	491	99	5	1
u55_64	unknown (55-64)	Bokmässan Göteborg		119358364782551	Facebook	1	1	491	245	2	0
u55_64	unknown (55-64)	Maurits Vande Reyde	Vande Reyde Maurits Jozef	1797427180478228	Facebook	28	1	490	131	3	0
u55_64	unknown (55-64)	Winchester Conservatives	Winchester Conservative Association	375473822930283	Facebook	29	1	490	75	21	0
u55_64	unknown (55-64)	Oatly		585888148224935	Facebook	5	1	489	204	2	0
u55_64	unknown (55-64)	Pavel Svoboda	Křesťanská a demokratická unie - Československá strana lidová	1451376028412024	Facebook	44	1	488	146	1	0
u55_64	unknown (55-64)	Mungo Park		52310555568	Facebook	4	1	488	97	1	0
u55_64	unknown (55-64)	ReCircle Recycling	ReCircle Recycling	1341162222666522	Facebook	4	1	487	110	6	0
u55_64	unknown (55-64)	Zandra Pettersson SD politiker		1731576980266356	Facebook	9	1	486	104	5	1
u55_64	unknown (55-64)	Kiln Theatre		54933917561	Facebook	3	1	486	129	3	0
u55_64	unknown (55-64)	Brexit Votes Matter	Brexit Defence Force	2419328181441973	Facebook	34	1	485	99	11	0
u55_64	unknown (55-64)	Derbyshire Police and Crime Commissioner	Office of the Police and Crime Commissioner for Derbyshire	119937274824522	Facebook	20	1	485	97	17	0
u55_64	unknown (55-64)	Zac Goldsmith	The Conservative Party	311126315707480	Facebook	11	1	485	73	18	0
u55_64	unknown (55-64)	Beth Miller	CorbyEN Labour Party	816779408496482	Facebook	9	1	485	111	6	0
u55_64	unknown (55-64)	FPÖ	FPÖ	169051073236170	Facebook	14	1	483	209	3	0
u55_64	unknown (55-64)	Feministiskt Initiativ Kiruna		675300275825546	Facebook	37	1	483	122	4	0
u55_64	unknown (55-64)	The Fetzer Institute		115153903038	Facebook	11	1	483	196	2	0
u55_64	unknown (55-64)	Zora Jaurová • Progresívne Slovensko		267456060571592	Facebook	50	1	482	147	3	0
u55_64	unknown (55-64)	YesCymru	YesCymru	323967924444168	Facebook	5	1	481	96	1	0
u55_64	unknown (55-64)	Bristol for Europe	#ProjectHope	1564824773823879	Facebook	3	1	481	225	3	1
u55_64	unknown (55-64)	Eva Kaili	Eva Kaili	13721812367	Facebook	15	1	480	176	2	0
u55_64	unknown (55-64)	Peter Taylor - Mayor of Watford	Elected Mayor of Watford 	1840967549564053	Facebook	23	1	479	182	6	0
u55_64	unknown (55-64)	Rochdale Liberal Democrats	Rochdale Liberal Democrats	479425565566275	Facebook	38	1	479	91	14	0
u55_64	unknown (55-64)	Florida Invest		1757174107834441	Facebook	7	1	479	118	1	0
u55_64	unknown (55-64)	Insights FR		1833020206817357	Facebook	4	1	476	109	3	0
u55_64	unknown (55-64)	Perussuomalaiset	Perussuomalaiset	181106108341	Facebook	14	1	475	184	4	1
u55_64	unknown (55-64)	Milieu Centraal		177508708941577	Facebook	10	1	475	170	2	0
u55_64	unknown (55-64)	Peterborough Conservatives	The Conservative Party	1410613969166253	Facebook	46	1	474	59	30	0
u55_64	unknown (55-64)	Southend Labour	The Labour Party	921825714514933	Facebook	15	1	474	116	9	1
u55_64	unknown (55-64)	Milieudefensie	Milieudefensie	83439828234	Facebook	13	1	473	98	4	0
u55_64	unknown (55-64)	Nikkei Asian Review		204862942932993	Facebook	14	1	473	86	3	0
u55_64	unknown (55-64)	Democrats and Veterans	John Rees-Evans	2049651638599052	Facebook	21	1	472	161	10	0
u55_64	unknown (55-64)	The Bow Group	The Bow Group	173121869419676	Facebook	6	1	472	93	3	0
u55_64	unknown (55-64)	Steven Saxby for Cities of London & Westminster Labour	The London Labour Party. 	1444591659180220	Facebook	11	1	472	92	4	0
u55_64	unknown (55-64)	Fagbevægelsens Hovedorganisation	Fagbevægelsens Hovedorganisation	261599053881378	Facebook	19	1	471	189	6	1
u55_64	unknown (55-64)	Accenture		23802140373	Facebook	2	1	470	94	4	0
u55_64	unknown (55-64)	The New Arab	The New Arab	1426949024217365	Facebook	30	1	468	103	6	0
u55_64	unknown (55-64)	Τζώρτζια Κωνσταντίνου-Παναγιώτου / Georgia Constantinou-Panayiotou		270213387069072	Facebook	13	1	467	105	1	0
u55_64	unknown (55-64)	Път на младите	Път на младите	2051476654950711	Facebook	15	1	466	166	1	0
u55_64	unknown (55-64)	Kleopatra Sidiropoulou Υποψήφια Ευρωεκλογών με το Ποτάμι		272999270266817	Facebook	12	1	466	181	0	0
u55_64	unknown (55-64)	Jonathan Reynolds MP	Jonathan Reynolds 	399509303582784	Facebook	6	1	466	97	4	0
u55_64	unknown (55-64)	Christian Concern	CCFON Limited	289690716457	Facebook	12	1	465	131	5	0
u55_64	unknown (55-64)	Manometal		165855190799208	Facebook	1	1	465	233	0	0
u55_64	unknown (55-64)	Anders Baun EP valg 2019	Sorensen Anders Baun	549966298750692	Facebook	14	1	463	123	4	0
u55_64	unknown (55-64)	MOST nezavisnih lista	MOST nezavisnih lista	388550077899912	Facebook	33	1	462	144	1	0
u55_64	unknown (55-64)	Steve Brine MP	Steve Brine MP	245990448763142	Facebook	3	1	462	102	3	0
u55_64	unknown (55-64)	Saarland		882636711855443	Facebook	2	1	461	181	1	0
u55_64	unknown (55-64)	Photovoltaik Angebote		154225911862559	Facebook	2	1	461	205	10	3
u55_64	unknown (55-64)	Nature Index		145327659223282	Facebook	14	1	460	149	0	0
u55_64	unknown (55-64)	Malcolm Byrne	Malcolm Byrne Page	34812247970	Facebook	14	1	459	123	1	0
u55_64	unknown (55-64)	Pompes à Chaleur		464568377211278	Facebook	22	1	459	197	5	1
u55_64	unknown (55-64)	Slough Votes	Slough Borough Council	2143826825927781	Facebook	6	1	458	91	5	1
u55_64	unknown (55-64)	Animal Matters	Animal Matters	1439364926329185	Facebook	6	1	457	130	0	0
u55_64	unknown (55-64)	Pégase, la page de l’expatriation et des Français à  l’étranger		111021508957258	Facebook	1	1	457	183	0	0
u55_64	unknown (55-64)	Dyrenes Beskyttelse		200709746630443	Facebook	8	1	457	95	4	1
u55_64	unknown (55-64)	Allan Widman	Liberalerna	540799486089503	Facebook	3	1	456	188	4	1
u55_64	unknown (55-64)	DEMOCRACY Deutschland	DEMOCRACY Deutschland e.V. 	1453504428281386	Facebook	9	1	456	166	2	0
u55_64	unknown (55-64)	Michela Sciurpa	Michela Sciurpa tramite mandatario elettorale Gian Luca Laurenzi, nato a Perugia il 21.09.1964 LRNGLC64P21G478O con nomina ed accettazione depositata il data 09.04.2019 alla Corte d’Appello di Perugia	317033212339928	Facebook	21	1	455	126	1	0
u55_64	unknown (55-64)	Portsmouth Liberal Democrats	Portsmouth Liberal Democrats	184397788245817	Facebook	12	1	454	122	4	0
u55_64	unknown (55-64)	Tatton West Conservatives	Marbury Conservatives	861646414041093	Facebook	18	1	453	89	5	0
u55_64	unknown (55-64)	Allerdale Conservatives	Allerdale Conservatives	1563177490634307	Facebook	5	1	453	110	4	0
u55_64	unknown (55-64)	Stuart Andrew	The Conservative Party	535129226536200	Facebook	19	1	452	74	26	1
u55_64	unknown (55-64)	Councillor Jim Astill	Jim Astill	1435153740134826	Facebook	23	1	450	111	9	0
u55_64	unknown (55-64)	The British Journal of Photography	Ecotricity Group Limited	40055265495	Facebook	5	1	450	122	4	0
u55_64	unknown (55-64)	Morten Klessen	Socialdemokratiet i Nordjylland	1039840406189567	Facebook	22	1	449	144	4	0
u55_64	unknown (55-64)	Rivista Il Borghese		232017336910584	Facebook	6	1	448	200	1	0
u55_64	unknown (55-64)	Europees Parlement Nederland		270788920480	Facebook	34	1	447	192	4	1
u55_64	unknown (55-64)	Kathleen Van Brempt	Kathleen Van Brempt	206193139504506	Facebook	47	1	447	105	5	0
u55_64	unknown (55-64)	Građani za Mislava Kolakušića	Kolakusic Mislav	374159272978399	Facebook	17	1	446	137	1	0
u55_64	unknown (55-64)	Γιώργος Νικητιάδης	Georgios Nikitiadis	412207436231536	Facebook	8	1	446	189	2	0
u55_64	unknown (55-64)	UKIP Gravesham	UKIP GRAVESHAM	178566025628762	Facebook	19	1	446	110	6	0
u55_64	unknown (55-64)	No 3rd Runway Coalition	No 3rd Runway Coalition	393266251031692	Facebook	5	1	446	118	4	0
u55_64	unknown (55-64)	Troels Lund Poulsen	Poulsen Troels Lund	139443622778678	Facebook	17	1	445	98	5	1
u55_64	unknown (55-64)	Gustav Hemming	Centerpartiet	722853564439941	Facebook	7	1	445	98	2	0
u55_64	unknown (55-64)	Tilt		169065407139584	Facebook	3	1	445	222	3	1
u55_64	unknown (55-64)	Δημοκρατικό Κόμμα	Constantinos Georgallides	293704380825571	Facebook	36	1	443	121	4	0
u55_64	unknown (55-64)	Dorset Lib Dems	Andy Canning	924139544376816	Facebook	19	1	443	138	9	0
u55_64	unknown (55-64)	OÖVP - die Oberösterreichische Volkspartei	Oberösterreichische Volkspartei	289163077789256	Facebook	36	1	442	96	1	0
u55_64	unknown (55-64)	Europeana.eu		10261403667	Facebook	2	1	442	190	0	0
u55_64	unknown (55-64)	Peterborough Labour Party	The Labour Party	927033024024138	Facebook	9	1	441	131	12	2
u55_64	unknown (55-64)	Andy Canning	Andy Canning	317345855362892	Facebook	26	1	441	94	14	0
u55_64	unknown (55-64)	Roman Kriz	Kriz Roman	382745889213194	Facebook	63	1	440	103	1	0
u55_64	unknown (55-64)	Devon for Europe	Devon for Europe	171135940004353	Facebook	4	1	440	88	4	0
u55_64	unknown (55-64)	Itthonról Otthonra		795559303924823	Facebook	1	1	440	220	0	0
u55_64	unknown (55-64)	Mindaugas Puidokas	Puidokas Mindaugas	1739968129576961	Facebook	52	1	439	95	2	0
u55_64	unknown (55-64)	The Jerusalem Post / JPost.com		159050394216641	Facebook	6	1	439	87	2	0
u55_64	unknown (55-64)	Sozialdemokratischer Wirtschaftsverband Wien		217664835989	Facebook	14	1	438	95	4	0
u55_64	unknown (55-64)	Cllr Stuart Carroll	Stuart Carroll. Promoted by Philip Dumville on behalf of Maidenhead Conservative Association, 3 Castle End Road, Ruscombe, Berkshire, RG10 9QX	946592818851998	Facebook	21	1	438	95	12	0
u55_64	unknown (55-64)	Gurpreet Bhangra - 2019 Conservative Councillor Candidate - Boyn Hill RBWM	Gurpreet Bhangra - Promoted by Philip Dumville on behalf of Maidenhead Conservative Association both of 3 Castle End Road, Ruscombe, Berkshire, RG10 9QX.	312134936231341	Facebook	14	1	437	158	7	0
u55_64	unknown (55-64)	Iain Duncan Smith MP	The Conservative Party	1846526838930401	Facebook	12	1	437	38	34	1
u55_64	unknown (55-64)	Mark Weston	The Conservative Party	717530348380086	Facebook	3	1	436	110	10	1
u55_64	unknown (55-64)	Mark Lancaster MP	The Conservative Party	298398717018170	Facebook	6	1	436	86	5	0
u55_64	unknown (55-64)	Ana Oramas	Coalicion Canaria	1616759808576461	Facebook	28	1	436	145	1	0
u55_64	unknown (55-64)	Paul Maynard MP	The Conservative Party	307082879098	Facebook	5	1	436	87	5	0
u55_64	unknown (55-64)	Tullverket		1133304143374162	Facebook	4	1	435	87	3	0
u55_64	unknown (55-64)	Virginia Puzzolo	Virginia Puzzolo	1950051888380307	Facebook	23	1	434	108	1	0
u55_64	unknown (55-64)	Serdal Benli	Benli Serdal	30196574028	Facebook	18	1	434	115	7	1
u55_64	unknown (55-64)	Cllr Karen Lucioni	Karen Lucioni	667909793390787	Facebook	29	1	434	105	11	0
u55_64	unknown (55-64)	Robert Largan for High Peak	Conservatives	560649684388874	Facebook	43	1	434	52	31	1
u55_64	unknown (55-64)	UNICEF Italia		40433567307	Facebook	9	1	434	156	1	0
u55_64	unknown (55-64)	Solvari België		118790941561498	Facebook	4	1	434	151	4	0
u55_64	unknown (55-64)	Mole Valley Conservatives	Mole Valley Conservatives	461289837229836	Facebook	4	1	434	101	5	0
u55_64	unknown (55-64)	Chris Matheson - Chester MP	Chester Labour Party	219383758255333	Facebook	2	1	434	86	5	0
u55_64	unknown (55-64)	Claire Crescent, Independent Candidate for Alderney & Bourne Valley	Felicity Joy Rice	318672018837720	Facebook	5	1	433	97	4	0
u55_64	unknown (55-64)	Welwyn Hatfield Liberal Democrats	Welwyn Hatfield Liberal Democrats	339429416455575	Facebook	21	1	433	96	13	0
u55_64	unknown (55-64)	DP - Demokratesch Partei	DP - Demokratesch Partei	280875378609326	Facebook	12	1	432	139	1	0
u55_64	unknown (55-64)	tomanifesto.gr	Pavlos Pavlidis	1083717278496452	Facebook	24	1	432	97	4	0
u55_64	unknown (55-64)	Labour Tribune MPs	Labour Tribune MPs Group	1325713600785860	Facebook	1	1	432	86	0	0
u55_64	unknown (55-64)	Giv Klimaet Lov		445657632847922	Facebook	10	1	431	134	6	1
u55_64	unknown (55-64)	Vänsterpartiet Örebro		297546973785228	Facebook	23	1	431	130	6	0
u55_64	unknown (55-64)	Kathrine Olldag	Olldag Kathrine	810476755802044	Facebook	43	1	430	78	6	1
u55_64	unknown (55-64)	Vaughan Gething for Welsh Labour Leader		276217686541109	Facebook	9	1	430	84	7	0
u55_64	unknown (55-64)	Surfrider Foundation Europe		41452575362	Facebook	10	1	429	181	2	0
u55_64	unknown (55-64)	Volt Deutschland	Volt Deutschland	134209407129787	Facebook	27	1	429	89	8	0
u55_64	unknown (55-64)	Sauvez le square Riga		1401418253310928	Facebook	26	1	429	137	7	0
u55_64	unknown (55-64)	I Love Crowdfunding Projects		112683756154005	Facebook	5	1	427	120	3	0
u55_64	unknown (55-64)	Greenely AB		1432597703623820	Facebook	26	1	427	66	2	0
u55_64	unknown (55-64)	Solidaritet med de Spanska antifascisterna		1546825082244108	Facebook	13	1	427	97	3	0
u55_64	unknown (55-64)	Georges.tech		297216183943797	Facebook	4	1	426	178	1	0
u55_64	unknown (55-64)	Gyöngyösi Márton	Országgyűlés Hivatala Jobbik Frakció	781030738624077	Facebook	15	1	425	175	0	0
u55_64	unknown (55-64)	France Fraternités		200607067033021	Facebook	1	1	424	170	0	0
u55_64	unknown (55-64)	Razem	KKW Lewica Razem - Razem, Unia Pracy, RSS	430323810469014	Facebook	29	1	423	130	1	0
u55_64	unknown (55-64)	Werner Kogler	Die Grünen	133612666671985	Facebook	10	1	423	125	4	1
u55_64	unknown (55-64)	Hrvatska narodna stranka - liberalni demokrati (HNS)	Hrvatska narodna stranka - liberalni demokrati (HNS)	139606619434725	Facebook	17	1	423	129	0	0
u55_64	unknown (55-64)	Sevenoaks CLP	Sevenoaks Labour Party	1727245794159770	Facebook	4	1	423	103	3	0
u55_64	unknown (55-64)	Jordens Vänner / Friends of the Earth Sweden	Jordens Vänner / Friends of the Earth Sweden	207890945895422	Facebook	9	1	420	82	1	0
u55_64	unknown (55-64)	Приоритети	БЗНС	1163987410423594	Facebook	25	1	420	144	1	0
u55_64	unknown (55-64)	Almega		119450207545	Facebook	3	1	420	84	2	0
u55_64	unknown (55-64)	1Europa	Peter Glawischnig	320389701908367	Facebook	16	1	418	121	2	0
u55_64	unknown (55-64)	NR KLUB JETZT	NR KLUB JETZT	833013456857401	Facebook	44	1	418	113	4	0
u55_64	unknown (55-64)	Leo Varadkar T.D.	Fine Gael	178974912140818	Facebook	2	1	418	209	2	1
u55_64	unknown (55-64)	Redcar and Cleveland Labour	The Labour Party	1046999735507968	Facebook	19	1	418	134	6	0
